CD_STAT_SECTOR,MS_P50 (MEDIAN_PRICE),CD_YEAR,CD_TYPE_FR
11001A01-,422000.0,2023,"Toutes les maisons avec 2, 3, 4 ou plus de façades (excl. appartements)"
11001A052,392000.0,2023,"Toutes les maisons avec 2, 3, 4 ou plus de façades (excl. appartements)"
11002C42-,262500.0,2023,"Toutes les maisons avec 2, 3, 4 ou plus de façades (excl. appartements)"
11002D34-,500000.0,2023,"Toutes les maisons avec 2, 3, 4 ou plus de façades (excl. appartements)"
11002E50-,530000.0,2023,"Toutes les maisons avec 2, 3, 4 ou plus de façades (excl. appartements)"
11002E521,400000.0,2023,"Toutes les maisons avec 2, 3, 4 ou plus de façades (excl. appartements)"
11002F61-,265000.0,2023,"Toutes les maisons avec 2, 3, 4 ou plus de façades (excl. appartements)"
11002G53-,680000.0,2023,"Toutes les maisons avec 2, 3, 4 ou plus de façades (excl. appartements)"
11002L000,335000.0,2023,"Toutes les maisons avec 2, 3, 4 ou plus de façades (excl. appartements)"
11002L011,345000.0,2023,"Toutes les maisons avec 2, 3, 4 ou plus de façades (excl. appartements)"
11002L100,330000.0,2023,"Toutes les maisons avec 2, 3, 4 ou plus de façades (excl. appartements)"
11002L111,262500.0,2023,"Toutes les maisons avec 2, 3, 4 ou plus de façades (excl. appartements)"
11002P00-,284500.0,2023,"Toutes les maisons avec 2, 3, 4 ou plus de façades (excl. appartements)"
11002P01-,271250.0,2023,"Toutes les maisons avec 2, 3, 4 ou plus de façades (excl. appartements)"
11002P03-,325000.0,2023,"Toutes les maisons avec 2, 3, 4 ou plus de façades (excl. appartements)"
11002P04-,371000.0,2023,"Toutes les maisons avec 2, 3, 4 ou plus de façades (excl. appartements)"
11002P100,404500.0,2023,"Toutes les maisons avec 2, 3, 4 ou plus de façades (excl. appartements)"
11002P111,450000.0,2023,"Toutes les maisons avec 2, 3, 4 ou plus de façades (excl. appartements)"
11002P20-,315000.0,2023,"Toutes les maisons avec 2, 3, 4 ou plus de façades (excl. appartements)"
11002P500,362500.0,2023,"Toutes les maisons avec 2, 3, 4 ou plus de façades (excl. appartements)"
11002P6CK,320000.0,2023,"Toutes les maisons avec 2, 3, 4 ou plus de façades (excl. appartements)"
11002Q001,260000.0,2023,"Toutes les maisons avec 2, 3, 4 ou plus de façades (excl. appartements)"
11002Q04-,300000.0,2023,"Toutes les maisons avec 2, 3, 4 ou plus de façades (excl. appartements)"
11002Q10-,310500.0,2023,"Toutes les maisons avec 2, 3, 4 ou plus de façades (excl. appartements)"
11002Q11-,340000.0,2023,"Toutes les maisons avec 2, 3, 4 ou plus de façades (excl. appartements)"
11002Q12-,304000.0,2023,"Toutes les maisons avec 2, 3, 4 ou plus de façades (excl. appartements)"
11002Q13-,290000.0,2023,"Toutes les maisons avec 2, 3, 4 ou plus de façades (excl. appartements)"
11002Q14-,299950.0,2023,"Toutes les maisons avec 2, 3, 4 ou plus de façades (excl. appartements)"
11002Q201,347500.0,2023,"Toutes les maisons avec 2, 3, 4 ou plus de façades (excl. appartements)"
11002R03-,257750.0,2023,"Toutes les maisons avec 2, 3, 4 ou plus de façades (excl. appartements)"
11002R05-,320000.0,2023,"Toutes les maisons avec 2, 3, 4 ou plus de façades (excl. appartements)"
11002R101,281500.0,2023,"Toutes les maisons avec 2, 3, 4 ou plus de façades (excl. appartements)"
11002R12-,260000.0,2023,"Toutes les maisons avec 2, 3, 4 ou plus de façades (excl. appartements)"
11002R13-,242185.0,2023,"Toutes les maisons avec 2, 3, 4 ou plus de façades (excl. appartements)"
11002R401,424100.0,2023,"Toutes les maisons avec 2, 3, 4 ou plus de façades (excl. appartements)"
11002R41-,352500.0,2023,"Toutes les maisons avec 2, 3, 4 ou plus de façades (excl. appartements)"
11002R44-,330000.0,2023,"Toutes les maisons avec 2, 3, 4 ou plus de façades (excl. appartements)"
11002S02-,275250.0,2023,"Toutes les maisons avec 2, 3, 4 ou plus de façades (excl. appartements)"
11002S30-,330250.0,2023,"Toutes les maisons avec 2, 3, 4 ou plus de façades (excl. appartements)"
11002S31-,224194.0,2023,"Toutes les maisons avec 2, 3, 4 ou plus de façades (excl. appartements)"
11002T00-,317500.0,2023,"Toutes les maisons avec 2, 3, 4 ou plus de façades (excl. appartements)"
11002T01-,325000.0,2023,"Toutes les maisons avec 2, 3, 4 ou plus de façades (excl. appartements)"
11002T03-,483250.0,2023,"Toutes les maisons avec 2, 3, 4 ou plus de façades (excl. appartements)"
11002T05-,400000.0,2023,"Toutes les maisons avec 2, 3, 4 ou plus de façades (excl. appartements)"
11002T10-,547500.0,2023,"Toutes les maisons avec 2, 3, 4 ou plus de façades (excl. appartements)"
11002T23-,357500.0,2023,"Toutes les maisons avec 2, 3, 4 ou plus de façades (excl. appartements)"
11002U00-,319500.0,2023,"Toutes les maisons avec 2, 3, 4 ou plus de façades (excl. appartements)"
11002U01-,345000.0,2023,"Toutes les maisons avec 2, 3, 4 ou plus de façades (excl. appartements)"
11002U03-,375500.0,2023,"Toutes les maisons avec 2, 3, 4 ou plus de façades (excl. appartements)"
11002U20-,340000.0,2023,"Toutes les maisons avec 2, 3, 4 ou plus de façades (excl. appartements)"
11002U21-,310000.0,2023,"Toutes les maisons avec 2, 3, 4 ou plus de façades (excl. appartements)"
11002U40-,422000.0,2023,"Toutes les maisons avec 2, 3, 4 ou plus de façades (excl. appartements)"
11002V01-,310000.0,2023,"Toutes les maisons avec 2, 3, 4 ou plus de façades (excl. appartements)"
11002V05-,305500.0,2023,"Toutes les maisons avec 2, 3, 4 ou plus de façades (excl. appartements)"
11002V10-,306000.0,2023,"Toutes les maisons avec 2, 3, 4 ou plus de façades (excl. appartements)"
11002V13-,256250.0,2023,"Toutes les maisons avec 2, 3, 4 ou plus de façades (excl. appartements)"
11002V14-,285000.0,2023,"Toutes les maisons avec 2, 3, 4 ou plus de façades (excl. appartements)"
11002V20-,306250.0,2023,"Toutes les maisons avec 2, 3, 4 ou plus de façades (excl. appartements)"
11002V23-,340000.0,2023,"Toutes les maisons avec 2, 3, 4 ou plus de façades (excl. appartements)"
11002V301,249000.0,2023,"Toutes les maisons avec 2, 3, 4 ou plus de façades (excl. appartements)"
11005A01-,245000.0,2023,"Toutes les maisons avec 2, 3, 4 ou plus de façades (excl. appartements)"
11005A04-,202500.0,2023,"Toutes les maisons avec 2, 3, 4 ou plus de façades (excl. appartements)"
11005A211,315000.0,2023,"Toutes les maisons avec 2, 3, 4 ou plus de façades (excl. appartements)"
11005A30-,287000.0,2023,"Toutes les maisons avec 2, 3, 4 ou plus de façades (excl. appartements)"
11007A04-,349500.0,2023,"Toutes les maisons avec 2, 3, 4 ou plus de façades (excl. appartements)"
11008A020,367500.0,2023,"Toutes les maisons avec 2, 3, 4 ou plus de façades (excl. appartements)"
11008A03-,490000.0,2023,"Toutes les maisons avec 2, 3, 4 ou plus de façades (excl. appartements)"
11008A04-,470000.0,2023,"Toutes les maisons avec 2, 3, 4 ou plus de façades (excl. appartements)"
11008A11-,415000.0,2023,"Toutes les maisons avec 2, 3, 4 ou plus de façades (excl. appartements)"
11008A20-,396500.0,2023,"Toutes les maisons avec 2, 3, 4 ou plus de façades (excl. appartements)"
11008A21-,472500.0,2023,"Toutes les maisons avec 2, 3, 4 ou plus de façades (excl. appartements)"
11008A40-,472500.0,2023,"Toutes les maisons avec 2, 3, 4 ou plus de façades (excl. appartements)"
11008A49-,535000.0,2023,"Toutes les maisons avec 2, 3, 4 ou plus de façades (excl. appartements)"
11008A510,1262500.0,2023,"Toutes les maisons avec 2, 3, 4 ou plus de façades (excl. appartements)"
11009A000,360000.0,2023,"Toutes les maisons avec 2, 3, 4 ou plus de façades (excl. appartements)"
11009A20-,415000.0,2023,"Toutes les maisons avec 2, 3, 4 ou plus de façades (excl. appartements)"
11009A222,555000.0,2023,"Toutes les maisons avec 2, 3, 4 ou plus de façades (excl. appartements)"
11009A5AA,352500.0,2023,"Toutes les maisons avec 2, 3, 4 ou plus de façades (excl. appartements)"
11009C01-,408000.0,2023,"Toutes les maisons avec 2, 3, 4 ou plus de façades (excl. appartements)"
11009C020,447000.0,2023,"Toutes les maisons avec 2, 3, 4 ou plus de façades (excl. appartements)"
11013A00-,307000.0,2023,"Toutes les maisons avec 2, 3, 4 ou plus de façades (excl. appartements)"
11013A101,476500.0,2023,"Toutes les maisons avec 2, 3, 4 ou plus de façades (excl. appartements)"
11013A142,470000.0,2023,"Toutes les maisons avec 2, 3, 4 ou plus de façades (excl. appartements)"
11013A20-,390000.0,2023,"Toutes les maisons avec 2, 3, 4 ou plus de façades (excl. appartements)"
11016A042,312500.0,2023,"Toutes les maisons avec 2, 3, 4 ou plus de façades (excl. appartements)"
11016A501,445000.0,2023,"Toutes les maisons avec 2, 3, 4 ou plus de façades (excl. appartements)"
11018A021,278350.0,2023,"Toutes les maisons avec 2, 3, 4 ou plus de façades (excl. appartements)"
11018A101,230000.0,2023,"Toutes les maisons avec 2, 3, 4 ou plus de façades (excl. appartements)"
11021A00-,391000.0,2023,"Toutes les maisons avec 2, 3, 4 ou plus de façades (excl. appartements)"
11021A062,618750.0,2023,"Toutes les maisons avec 2, 3, 4 ou plus de façades (excl. appartements)"
11022A21-,695000.0,2023,"Toutes les maisons avec 2, 3, 4 ou plus de façades (excl. appartements)"
11023A00-,307500.0,2023,"Toutes les maisons avec 2, 3, 4 ou plus de façades (excl. appartements)"
11023A02-,405000.0,2023,"Toutes les maisons avec 2, 3, 4 ou plus de façades (excl. appartements)"
11023A03-,292000.0,2023,"Toutes les maisons avec 2, 3, 4 ou plus de façades (excl. appartements)"
11023A10-,340500.0,2023,"Toutes les maisons avec 2, 3, 4 ou plus de façades (excl. appartements)"
11023A200,705000.0,2023,"Toutes les maisons avec 2, 3, 4 ou plus de façades (excl. appartements)"
11023B32-,572500.0,2023,"Toutes les maisons avec 2, 3, 4 ou plus de façades (excl. appartements)"
11023B40-,496500.0,2023,"Toutes les maisons avec 2, 3, 4 ou plus de façades (excl. appartements)"
11024A00-,352500.0,2023,"Toutes les maisons avec 2, 3, 4 ou plus de façades (excl. appartements)"
11024A01-,334000.0,2023,"Toutes les maisons avec 2, 3, 4 ou plus de façades (excl. appartements)"
11024A04-,359000.0,2023,"Toutes les maisons avec 2, 3, 4 ou plus de façades (excl. appartements)"
11024A220,395000.0,2023,"Toutes les maisons avec 2, 3, 4 ou plus de façades (excl. appartements)"
11029A00-,390000.0,2023,"Toutes les maisons avec 2, 3, 4 ou plus de façades (excl. appartements)"
11029A02-,400000.0,2023,"Toutes les maisons avec 2, 3, 4 ou plus de façades (excl. appartements)"
11029A11-,434500.0,2023,"Toutes les maisons avec 2, 3, 4 ou plus de façades (excl. appartements)"
11029A12-,400000.0,2023,"Toutes les maisons avec 2, 3, 4 ou plus de façades (excl. appartements)"
11029A201,375000.0,2023,"Toutes les maisons avec 2, 3, 4 ou plus de façades (excl. appartements)"
11029A211,522000.0,2023,"Toutes les maisons avec 2, 3, 4 ou plus de façades (excl. appartements)"
11030A00-,270000.0,2023,"Toutes les maisons avec 2, 3, 4 ou plus de façades (excl. appartements)"
11030A01-,235000.0,2023,"Toutes les maisons avec 2, 3, 4 ou plus de façades (excl. appartements)"
11030A02-,234500.0,2023,"Toutes les maisons avec 2, 3, 4 ou plus de façades (excl. appartements)"
11030A03-,270000.0,2023,"Toutes les maisons avec 2, 3, 4 ou plus de façades (excl. appartements)"
11030A10-,207500.0,2023,"Toutes les maisons avec 2, 3, 4 ou plus de façades (excl. appartements)"
11035B00-,415000.0,2023,"Toutes les maisons avec 2, 3, 4 ou plus de façades (excl. appartements)"
11037A02-,277500.0,2023,"Toutes les maisons avec 2, 3, 4 ou plus de façades (excl. appartements)"
11037C100,392000.0,2023,"Toutes les maisons avec 2, 3, 4 ou plus de façades (excl. appartements)"
11038A000,305000.0,2023,"Toutes les maisons avec 2, 3, 4 ou plus de façades (excl. appartements)"
11038A010,277500.0,2023,"Toutes les maisons avec 2, 3, 4 ou plus de façades (excl. appartements)"
11039A00-,435000.0,2023,"Toutes les maisons avec 2, 3, 4 ou plus de façades (excl. appartements)"
11039A010,415000.0,2023,"Toutes les maisons avec 2, 3, 4 ou plus de façades (excl. appartements)"
11039A04-,489000.0,2023,"Toutes les maisons avec 2, 3, 4 ou plus de façades (excl. appartements)"
11039A21-,670000.0,2023,"Toutes les maisons avec 2, 3, 4 ou plus de façades (excl. appartements)"
11039B02-,685000.0,2023,"Toutes les maisons avec 2, 3, 4 ou plus de façades (excl. appartements)"
11040A01-,337500.0,2023,"Toutes les maisons avec 2, 3, 4 ou plus de façades (excl. appartements)"
11040A03-,346698.0,2023,"Toutes les maisons avec 2, 3, 4 ou plus de façades (excl. appartements)"
11040A040,355000.0,2023,"Toutes les maisons avec 2, 3, 4 ou plus de façades (excl. appartements)"
11040A050,341000.0,2023,"Toutes les maisons avec 2, 3, 4 ou plus de façades (excl. appartements)"
11040A060,400000.0,2023,"Toutes les maisons avec 2, 3, 4 ou plus de façades (excl. appartements)"
11040A10-,362500.0,2023,"Toutes les maisons avec 2, 3, 4 ou plus de façades (excl. appartements)"
11040A11-,725000.0,2023,"Toutes les maisons avec 2, 3, 4 ou plus de façades (excl. appartements)"
11040A201,326000.0,2023,"Toutes les maisons avec 2, 3, 4 ou plus de façades (excl. appartements)"
11040A253,270000.0,2023,"Toutes les maisons avec 2, 3, 4 ou plus de façades (excl. appartements)"
11044A001,348500.0,2023,"Toutes les maisons avec 2, 3, 4 ou plus de façades (excl. appartements)"
11044A032,350000.0,2023,"Toutes les maisons avec 2, 3, 4 ou plus de façades (excl. appartements)"
11044A042,380000.0,2023,"Toutes les maisons avec 2, 3, 4 ou plus de façades (excl. appartements)"
11044B001,310000.0,2023,"Toutes les maisons avec 2, 3, 4 ou plus de façades (excl. appartements)"
11044B022,335000.0,2023,"Toutes les maisons avec 2, 3, 4 ou plus de façades (excl. appartements)"
11050A000,310000.0,2023,"Toutes les maisons avec 2, 3, 4 ou plus de façades (excl. appartements)"
11052A02-,395000.0,2023,"Toutes les maisons avec 2, 3, 4 ou plus de façades (excl. appartements)"
11052A041,375000.0,2023,"Toutes les maisons avec 2, 3, 4 ou plus de façades (excl. appartements)"
11052A100,369000.0,2023,"Toutes les maisons avec 2, 3, 4 ou plus de façades (excl. appartements)"
11055A224,467500.0,2023,"Toutes les maisons avec 2, 3, 4 ou plus de façades (excl. appartements)"
11055B110,483750.0,2023,"Toutes les maisons avec 2, 3, 4 ou plus de façades (excl. appartements)"
11056A220,305000.0,2023,"Toutes les maisons avec 2, 3, 4 ou plus de façades (excl. appartements)"
11056B00-,292500.0,2023,"Toutes les maisons avec 2, 3, 4 ou plus de façades (excl. appartements)"
11056B01-,270000.0,2023,"Toutes les maisons avec 2, 3, 4 ou plus de façades (excl. appartements)"
11056B02-,287500.0,2023,"Toutes les maisons avec 2, 3, 4 ou plus de façades (excl. appartements)"
12002A012,315000.0,2023,"Toutes les maisons avec 2, 3, 4 ou plus de façades (excl. appartements)"
12002A300,294000.0,2023,"Toutes les maisons avec 2, 3, 4 ou plus de façades (excl. appartements)"
12005A000,336500.0,2023,"Toutes les maisons avec 2, 3, 4 ou plus de façades (excl. appartements)"
12005A02-,430000.0,2023,"Toutes les maisons avec 2, 3, 4 ou plus de façades (excl. appartements)"
12005B01-,432500.0,2023,"Toutes les maisons avec 2, 3, 4 ou plus de façades (excl. appartements)"
12007A001,247251.0,2023,"Toutes les maisons avec 2, 3, 4 ou plus de façades (excl. appartements)"
12007A021,313500.0,2023,"Toutes les maisons avec 2, 3, 4 ou plus de façades (excl. appartements)"
12009A000,272875.0,2023,"Toutes les maisons avec 2, 3, 4 ou plus de façades (excl. appartements)"
12009A200,295000.0,2023,"Toutes les maisons avec 2, 3, 4 ou plus de façades (excl. appartements)"
12014A391,400000.0,2023,"Toutes les maisons avec 2, 3, 4 ou plus de façades (excl. appartements)"
12014F091,305000.0,2023,"Toutes les maisons avec 2, 3, 4 ou plus de façades (excl. appartements)"
12021A00-,197000.0,2023,"Toutes les maisons avec 2, 3, 4 ou plus de façades (excl. appartements)"
12021A02-,249000.0,2023,"Toutes les maisons avec 2, 3, 4 ou plus de façades (excl. appartements)"
12021A03-,241500.0,2023,"Toutes les maisons avec 2, 3, 4 ou plus de façades (excl. appartements)"
12021A101,285000.0,2023,"Toutes les maisons avec 2, 3, 4 ou plus de façades (excl. appartements)"
12021A200,327500.0,2023,"Toutes les maisons avec 2, 3, 4 ou plus de façades (excl. appartements)"
12021A301,285000.0,2023,"Toutes les maisons avec 2, 3, 4 ou plus de façades (excl. appartements)"
12021A40-,298000.0,2023,"Toutes les maisons avec 2, 3, 4 ou plus de façades (excl. appartements)"
12025A06-,382000.0,2023,"Toutes les maisons avec 2, 3, 4 ou plus de façades (excl. appartements)"
12025A12-,328500.0,2023,"Toutes les maisons avec 2, 3, 4 ou plus de façades (excl. appartements)"
12025A20-,255000.0,2023,"Toutes les maisons avec 2, 3, 4 ou plus de façades (excl. appartements)"
12025A21-,305000.0,2023,"Toutes les maisons avec 2, 3, 4 ou plus de façades (excl. appartements)"
12025A22-,284000.0,2023,"Toutes les maisons avec 2, 3, 4 ou plus de façades (excl. appartements)"
12025A301,295000.0,2023,"Toutes les maisons avec 2, 3, 4 ou plus de façades (excl. appartements)"
12025A332,299000.0,2023,"Toutes les maisons avec 2, 3, 4 ou plus de façades (excl. appartements)"
12025A401,335000.0,2023,"Toutes les maisons avec 2, 3, 4 ou plus de façades (excl. appartements)"
12025A42-,355000.0,2023,"Toutes les maisons avec 2, 3, 4 ou plus de façades (excl. appartements)"
12025A462,300000.0,2023,"Toutes les maisons avec 2, 3, 4 ou plus de façades (excl. appartements)"
12025A50-,312500.0,2023,"Toutes les maisons avec 2, 3, 4 ou plus de façades (excl. appartements)"
12025A521,215500.0,2023,"Toutes les maisons avec 2, 3, 4 ou plus de façades (excl. appartements)"
12025A620,293000.0,2023,"Toutes les maisons avec 2, 3, 4 ou plus de façades (excl. appartements)"
12025A662,313750.0,2023,"Toutes les maisons avec 2, 3, 4 ou plus de façades (excl. appartements)"
12025A70-,260000.0,2023,"Toutes les maisons avec 2, 3, 4 ou plus de façades (excl. appartements)"
12025A921,312000.0,2023,"Toutes les maisons avec 2, 3, 4 ou plus de façades (excl. appartements)"
12025A942,315000.0,2023,"Toutes les maisons avec 2, 3, 4 ou plus de façades (excl. appartements)"
12025F00-,315000.0,2023,"Toutes les maisons avec 2, 3, 4 ou plus de façades (excl. appartements)"
12026A01-,300000.0,2023,"Toutes les maisons avec 2, 3, 4 ou plus de façades (excl. appartements)"
12026A040,385000.0,2023,"Toutes les maisons avec 2, 3, 4 ou plus de façades (excl. appartements)"
12026A111,337500.0,2023,"Toutes les maisons avec 2, 3, 4 ou plus de façades (excl. appartements)"
12026A122,335000.0,2023,"Toutes les maisons avec 2, 3, 4 ou plus de façades (excl. appartements)"
12026C000,300000.0,2023,"Toutes les maisons avec 2, 3, 4 ou plus de façades (excl. appartements)"
12026C10-,285000.0,2023,"Toutes les maisons avec 2, 3, 4 ou plus de façades (excl. appartements)"
12026C112,395000.0,2023,"Toutes les maisons avec 2, 3, 4 ou plus de façades (excl. appartements)"
12029A00-,332500.0,2023,"Toutes les maisons avec 2, 3, 4 ou plus de façades (excl. appartements)"
12035A110,394500.0,2023,"Toutes les maisons avec 2, 3, 4 ou plus de façades (excl. appartements)"
12035A200,290000.0,2023,"Toutes les maisons avec 2, 3, 4 ou plus de façades (excl. appartements)"
12040A01-,275500.0,2023,"Toutes les maisons avec 2, 3, 4 ou plus de façades (excl. appartements)"
12040A411,250000.0,2023,"Toutes les maisons avec 2, 3, 4 ou plus de façades (excl. appartements)"
12040A422,269500.0,2023,"Toutes les maisons avec 2, 3, 4 ou plus de façades (excl. appartements)"
12040A512,242000.0,2023,"Toutes les maisons avec 2, 3, 4 ou plus de façades (excl. appartements)"
12040C000,320000.0,2023,"Toutes les maisons avec 2, 3, 4 ou plus de façades (excl. appartements)"
13001A01-,261500.0,2023,"Toutes les maisons avec 2, 3, 4 ou plus de façades (excl. appartements)"
13001A230,285000.0,2023,"Toutes les maisons avec 2, 3, 4 ou plus de façades (excl. appartements)"
13003A101,303500.0,2023,"Toutes les maisons avec 2, 3, 4 ou plus de façades (excl. appartements)"
13004A101,340000.0,2023,"Toutes les maisons avec 2, 3, 4 ou plus de façades (excl. appartements)"
13008A030,295000.0,2023,"Toutes les maisons avec 2, 3, 4 ou plus de façades (excl. appartements)"
13011A02-,305000.0,2023,"Toutes les maisons avec 2, 3, 4 ou plus de façades (excl. appartements)"
13011A100,277000.0,2023,"Toutes les maisons avec 2, 3, 4 ou plus de façades (excl. appartements)"
13011A200,354500.0,2023,"Toutes les maisons avec 2, 3, 4 ou plus de façades (excl. appartements)"
13012A000,294500.0,2023,"Toutes les maisons avec 2, 3, 4 ou plus de façades (excl. appartements)"
13016A000,365500.0,2023,"Toutes les maisons avec 2, 3, 4 ou plus de façades (excl. appartements)"
13016A01-,352000.0,2023,"Toutes les maisons avec 2, 3, 4 ou plus de façades (excl. appartements)"
13025A01-,299000.0,2023,"Toutes les maisons avec 2, 3, 4 ou plus de façades (excl. appartements)"
13025A30-,260000.0,2023,"Toutes les maisons avec 2, 3, 4 ou plus de façades (excl. appartements)"
13025A50-,287000.0,2023,"Toutes les maisons avec 2, 3, 4 ou plus de façades (excl. appartements)"
13025A700,307500.0,2023,"Toutes les maisons avec 2, 3, 4 ou plus de façades (excl. appartements)"
13029A000,324500.0,2023,"Toutes les maisons avec 2, 3, 4 ou plus de façades (excl. appartements)"
13031A000,325500.0,2023,"Toutes les maisons avec 2, 3, 4 ou plus de façades (excl. appartements)"
13031A033,310000.0,2023,"Toutes les maisons avec 2, 3, 4 ou plus de façades (excl. appartements)"
13031A122,646500.0,2023,"Toutes les maisons avec 2, 3, 4 ou plus de façades (excl. appartements)"
13035A020,284500.0,2023,"Toutes les maisons avec 2, 3, 4 ou plus de façades (excl. appartements)"
13040A000,264000.0,2023,"Toutes les maisons avec 2, 3, 4 ou plus de façades (excl. appartements)"
13040A021,325000.0,2023,"Toutes les maisons avec 2, 3, 4 ou plus de façades (excl. appartements)"
13040A051,245000.0,2023,"Toutes les maisons avec 2, 3, 4 ou plus de façades (excl. appartements)"
13040A100,325000.0,2023,"Toutes les maisons avec 2, 3, 4 ou plus de façades (excl. appartements)"
13040A112,281500.0,2023,"Toutes les maisons avec 2, 3, 4 ou plus de façades (excl. appartements)"
13040A50-,260000.0,2023,"Toutes les maisons avec 2, 3, 4 ou plus de façades (excl. appartements)"
13040A613,270000.0,2023,"Toutes les maisons avec 2, 3, 4 ou plus de façades (excl. appartements)"
13040A700,280000.0,2023,"Toutes les maisons avec 2, 3, 4 ou plus de façades (excl. appartements)"
13040A714,240000.0,2023,"Toutes les maisons avec 2, 3, 4 ou plus de façades (excl. appartements)"
13040A721,297505.0,2023,"Toutes les maisons avec 2, 3, 4 ou plus de façades (excl. appartements)"
13044A000,339000.0,2023,"Toutes les maisons avec 2, 3, 4 ou plus de façades (excl. appartements)"
13046A01-,368750.0,2023,"Toutes les maisons avec 2, 3, 4 ou plus de façades (excl. appartements)"
13046A11-,360250.0,2023,"Toutes les maisons avec 2, 3, 4 ou plus de façades (excl. appartements)"
21003A312,450000.0,2023,"Toutes les maisons avec 2, 3, 4 ou plus de façades (excl. appartements)"
21004G30-,361250.0,2023,"Toutes les maisons avec 2, 3, 4 ou plus de façades (excl. appartements)"
21016A01-,550000.0,2023,"Toutes les maisons avec 2, 3, 4 ou plus de façades (excl. appartements)"
21016A342,1525000.0,2023,"Toutes les maisons avec 2, 3, 4 ou plus de façades (excl. appartements)"
21016A400,500000.0,2023,"Toutes les maisons avec 2, 3, 4 ou plus de façades (excl. appartements)"
21016A831,1125000.0,2023,"Toutes les maisons avec 2, 3, 4 ou plus de façades (excl. appartements)"
21019A40-,640000.0,2023,"Toutes les maisons avec 2, 3, 4 ou plus de façades (excl. appartements)"
23002A400,270000.0,2023,"Toutes les maisons avec 2, 3, 4 ou plus de façades (excl. appartements)"
23003A012,465000.0,2023,"Toutes les maisons avec 2, 3, 4 ou plus de façades (excl. appartements)"
23003B02-,600000.0,2023,"Toutes les maisons avec 2, 3, 4 ou plus de façades (excl. appartements)"
23003C081,505000.0,2023,"Toutes les maisons avec 2, 3, 4 ou plus de façades (excl. appartements)"
23003D00-,370000.0,2023,"Toutes les maisons avec 2, 3, 4 ou plus de façades (excl. appartements)"
23003E00-,300000.0,2023,"Toutes les maisons avec 2, 3, 4 ou plus de façades (excl. appartements)"
23016A001,434500.0,2023,"Toutes les maisons avec 2, 3, 4 ou plus de façades (excl. appartements)"
23016A20-,475500.0,2023,"Toutes les maisons avec 2, 3, 4 ou plus de façades (excl. appartements)"
23016C03-,380500.0,2023,"Toutes les maisons avec 2, 3, 4 ou plus de façades (excl. appartements)"
23016C210,435000.0,2023,"Toutes les maisons avec 2, 3, 4 ou plus de façades (excl. appartements)"
23025A223,408500.0,2023,"Toutes les maisons avec 2, 3, 4 ou plus de façades (excl. appartements)"
23025A425,427500.0,2023,"Toutes les maisons avec 2, 3, 4 ou plus de façades (excl. appartements)"
23025B112,392500.0,2023,"Toutes les maisons avec 2, 3, 4 ou plus de façades (excl. appartements)"
23027A042,371500.0,2023,"Toutes les maisons avec 2, 3, 4 ou plus de façades (excl. appartements)"
23027A100,337500.0,2023,"Toutes les maisons avec 2, 3, 4 ou plus de façades (excl. appartements)"
23027A152,315000.0,2023,"Toutes les maisons avec 2, 3, 4 ou plus de façades (excl. appartements)"
23027B01-,353500.0,2023,"Toutes les maisons avec 2, 3, 4 ou plus de façades (excl. appartements)"
23027C01-,282000.0,2023,"Toutes les maisons avec 2, 3, 4 ou plus de façades (excl. appartements)"
23027C08-,327500.0,2023,"Toutes les maisons avec 2, 3, 4 ou plus de façades (excl. appartements)"
23033A011,510000.0,2023,"Toutes les maisons avec 2, 3, 4 ou plus de façades (excl. appartements)"
23044A001,330000.0,2023,"Toutes les maisons avec 2, 3, 4 ou plus de façades (excl. appartements)"
23044A01-,286500.0,2023,"Toutes les maisons avec 2, 3, 4 ou plus de façades (excl. appartements)"
23044A10-,252000.0,2023,"Toutes les maisons avec 2, 3, 4 ou plus de façades (excl. appartements)"
23045A010,400500.0,2023,"Toutes les maisons avec 2, 3, 4 ou plus de façades (excl. appartements)"
23050A011,497500.0,2023,"Toutes les maisons avec 2, 3, 4 ou plus de façades (excl. appartements)"
23060A010,357000.0,2023,"Toutes les maisons avec 2, 3, 4 ou plus de façades (excl. appartements)"
23062A421,695000.0,2023,"Toutes les maisons avec 2, 3, 4 ou plus de façades (excl. appartements)"
23077A09-,425000.0,2023,"Toutes les maisons avec 2, 3, 4 ou plus de façades (excl. appartements)"
23077A20-,351000.0,2023,"Toutes les maisons avec 2, 3, 4 ou plus de façades (excl. appartements)"
23077A30-,322125.0,2023,"Toutes les maisons avec 2, 3, 4 ou plus de façades (excl. appartements)"
23077A31-,312500.0,2023,"Toutes les maisons avec 2, 3, 4 ou plus de façades (excl. appartements)"
23077E00-,270000.0,2023,"Toutes les maisons avec 2, 3, 4 ou plus de façades (excl. appartements)"
23086C000,320000.0,2023,"Toutes les maisons avec 2, 3, 4 ou plus de façades (excl. appartements)"
23086C10-,360000.0,2023,"Toutes les maisons avec 2, 3, 4 ou plus de façades (excl. appartements)"
23088A200,345000.0,2023,"Toutes les maisons avec 2, 3, 4 ou plus de façades (excl. appartements)"
23088A211,357500.0,2023,"Toutes les maisons avec 2, 3, 4 ou plus de façades (excl. appartements)"
23088A301,372000.0,2023,"Toutes les maisons avec 2, 3, 4 ou plus de façades (excl. appartements)"
23088A40-,350000.0,2023,"Toutes les maisons avec 2, 3, 4 ou plus de façades (excl. appartements)"
23088A422,375000.0,2023,"Toutes les maisons avec 2, 3, 4 ou plus de façades (excl. appartements)"
23088A69-,344000.0,2023,"Toutes les maisons avec 2, 3, 4 ou plus de façades (excl. appartements)"
23088A830,350000.0,2023,"Toutes les maisons avec 2, 3, 4 ou plus de façades (excl. appartements)"
23088B000,325000.0,2023,"Toutes les maisons avec 2, 3, 4 ou plus de façades (excl. appartements)"
23094C041,527500.0,2023,"Toutes les maisons avec 2, 3, 4 ou plus de façades (excl. appartements)"
23096B00-,327500.0,2023,"Toutes les maisons avec 2, 3, 4 ou plus de façades (excl. appartements)"
23096D012,415000.0,2023,"Toutes les maisons avec 2, 3, 4 ou plus de façades (excl. appartements)"
23097A102,380000.0,2023,"Toutes les maisons avec 2, 3, 4 ou plus de façades (excl. appartements)"
23099A142,614000.0,2023,"Toutes les maisons avec 2, 3, 4 ou plus de façades (excl. appartements)"
23099A211,756000.0,2023,"Toutes les maisons avec 2, 3, 4 ou plus de façades (excl. appartements)"
23101A02-,400000.0,2023,"Toutes les maisons avec 2, 3, 4 ou plus de façades (excl. appartements)"
23101A030,410000.0,2023,"Toutes les maisons avec 2, 3, 4 ou plus de façades (excl. appartements)"
23101A40-,781000.0,2023,"Toutes les maisons avec 2, 3, 4 ou plus de façades (excl. appartements)"
23101A411,1087500.0,2023,"Toutes les maisons avec 2, 3, 4 ou plus de façades (excl. appartements)"
23103A03-,618000.0,2023,"Toutes les maisons avec 2, 3, 4 ou plus de façades (excl. appartements)"
23103A20-,635000.0,2023,"Toutes les maisons avec 2, 3, 4 ou plus de façades (excl. appartements)"
23105C001,300000.0,2023,"Toutes les maisons avec 2, 3, 4 ou plus de façades (excl. appartements)"
23105C01-,350000.0,2023,"Toutes les maisons avec 2, 3, 4 ou plus de façades (excl. appartements)"
24001A122,308000.0,2023,"Toutes les maisons avec 2, 3, 4 ou plus de façades (excl. appartements)"
24001A231,295000.0,2023,"Toutes les maisons avec 2, 3, 4 ou plus de façades (excl. appartements)"
24001C091,333000.0,2023,"Toutes les maisons avec 2, 3, 4 ou plus de façades (excl. appartements)"
24009A010,399001.0,2023,"Toutes les maisons avec 2, 3, 4 ou plus de façades (excl. appartements)"
24020A003,259500.0,2023,"Toutes les maisons avec 2, 3, 4 ou plus de façades (excl. appartements)"
24020A02-,280000.0,2023,"Toutes les maisons avec 2, 3, 4 ou plus de façades (excl. appartements)"
24020E000,281500.0,2023,"Toutes les maisons avec 2, 3, 4 ou plus de façades (excl. appartements)"
24038A00-,435000.0,2023,"Toutes les maisons avec 2, 3, 4 ou plus de façades (excl. appartements)"
24038A011,460000.0,2023,"Toutes les maisons avec 2, 3, 4 ou plus de façades (excl. appartements)"
24041A000,310000.0,2023,"Toutes les maisons avec 2, 3, 4 ou plus de façades (excl. appartements)"
24048A000,341000.0,2023,"Toutes les maisons avec 2, 3, 4 ou plus de façades (excl. appartements)"
24048A012,488063.0,2023,"Toutes les maisons avec 2, 3, 4 ou plus de façades (excl. appartements)"
24048A034,845000.0,2023,"Toutes les maisons avec 2, 3, 4 ou plus de façades (excl. appartements)"
24055D312,628750.0,2023,"Toutes les maisons avec 2, 3, 4 ou plus de façades (excl. appartements)"
24062A52-,450000.0,2023,"Toutes les maisons avec 2, 3, 4 ou plus de façades (excl. appartements)"
24062A54-,415000.0,2023,"Toutes les maisons avec 2, 3, 4 ou plus de façades (excl. appartements)"
24062B100,400000.0,2023,"Toutes les maisons avec 2, 3, 4 ou plus de façades (excl. appartements)"
24062C00-,413500.0,2023,"Toutes les maisons avec 2, 3, 4 ou plus de façades (excl. appartements)"
24062C41-,435000.0,2023,"Toutes les maisons avec 2, 3, 4 ou plus de façades (excl. appartements)"
24062C50-,410000.0,2023,"Toutes les maisons avec 2, 3, 4 ou plus de façades (excl. appartements)"
24062D03-,360000.0,2023,"Toutes les maisons avec 2, 3, 4 ou plus de façades (excl. appartements)"
24062D22-,436500.0,2023,"Toutes les maisons avec 2, 3, 4 ou plus de façades (excl. appartements)"
24062F40-,415000.0,2023,"Toutes les maisons avec 2, 3, 4 ou plus de façades (excl. appartements)"
24066A09-,395000.0,2023,"Toutes les maisons avec 2, 3, 4 ou plus de façades (excl. appartements)"
24104A042,398500.0,2023,"Toutes les maisons avec 2, 3, 4 ou plus de façades (excl. appartements)"
24107A01-,209500.0,2023,"Toutes les maisons avec 2, 3, 4 ou plus de façades (excl. appartements)"
24107A03-,282000.0,2023,"Toutes les maisons avec 2, 3, 4 ou plus de façades (excl. appartements)"
24107A10-,219500.0,2023,"Toutes les maisons avec 2, 3, 4 ou plus de façades (excl. appartements)"
24107A333,216000.0,2023,"Toutes les maisons avec 2, 3, 4 ou plus de façades (excl. appartements)"
24107A40-,249500.0,2023,"Toutes les maisons avec 2, 3, 4 ou plus de façades (excl. appartements)"
24109A21-,377500.0,2023,"Toutes les maisons avec 2, 3, 4 ou plus de façades (excl. appartements)"
24109B01-,375000.0,2023,"Toutes les maisons avec 2, 3, 4 ou plus de façades (excl. appartements)"
24109B09-,375000.0,2023,"Toutes les maisons avec 2, 3, 4 ou plus de façades (excl. appartements)"
24134A012,270000.0,2023,"Toutes les maisons avec 2, 3, 4 ou plus de façades (excl. appartements)"
24134B00-,227500.0,2023,"Toutes les maisons avec 2, 3, 4 ou plus de façades (excl. appartements)"
24134D001,285750.0,2023,"Toutes les maisons avec 2, 3, 4 ou plus de façades (excl. appartements)"
24134E00-,280000.0,2023,"Toutes les maisons avec 2, 3, 4 ou plus de façades (excl. appartements)"
25005E001,330000.0,2023,"Toutes les maisons avec 2, 3, 4 ou plus de façades (excl. appartements)"
25014A020,375000.0,2023,"Toutes les maisons avec 2, 3, 4 ou plus de façades (excl. appartements)"
25014A812,345000.0,2023,"Toutes les maisons avec 2, 3, 4 ou plus de façades (excl. appartements)"
25014C00-,342500.0,2023,"Toutes les maisons avec 2, 3, 4 ou plus de façades (excl. appartements)"
25018C112,500000.0,2023,"Toutes les maisons avec 2, 3, 4 ou plus de façades (excl. appartements)"
25048A02-,210000.0,2023,"Toutes les maisons avec 2, 3, 4 ou plus de façades (excl. appartements)"
25072A400,265000.0,2023,"Toutes les maisons avec 2, 3, 4 ou plus de façades (excl. appartements)"
25084A000,250000.0,2023,"Toutes les maisons avec 2, 3, 4 ou plus de façades (excl. appartements)"
25091A031,497500.0,2023,"Toutes les maisons avec 2, 3, 4 ou plus de façades (excl. appartements)"
25091A20-,450000.0,2023,"Toutes les maisons avec 2, 3, 4 ou plus de façades (excl. appartements)"
25105C03-,270000.0,2023,"Toutes les maisons avec 2, 3, 4 ou plus de façades (excl. appartements)"
25110A210,425000.0,2023,"Toutes les maisons avec 2, 3, 4 ou plus de façades (excl. appartements)"
25110A233,550000.0,2023,"Toutes les maisons avec 2, 3, 4 ou plus de façades (excl. appartements)"
25110A442,592500.0,2023,"Toutes les maisons avec 2, 3, 4 ou plus de façades (excl. appartements)"
25110A631,900000.0,2023,"Toutes les maisons avec 2, 3, 4 ou plus de façades (excl. appartements)"
25118A001,275000.0,2023,"Toutes les maisons avec 2, 3, 4 ou plus de façades (excl. appartements)"
25123A00-,235000.0,2023,"Toutes les maisons avec 2, 3, 4 ou plus de façades (excl. appartements)"
31004A03-,245000.0,2023,"Toutes les maisons avec 2, 3, 4 ou plus de façades (excl. appartements)"
31004A04-,245000.0,2023,"Toutes les maisons avec 2, 3, 4 ou plus de façades (excl. appartements)"
31004B00-,227500.0,2023,"Toutes les maisons avec 2, 3, 4 ou plus de façades (excl. appartements)"
31004B03-,315000.0,2023,"Toutes les maisons avec 2, 3, 4 ou plus de façades (excl. appartements)"
31005A11-,320000.0,2023,"Toutes les maisons avec 2, 3, 4 ou plus de façades (excl. appartements)"
31005A201,343000.0,2023,"Toutes les maisons avec 2, 3, 4 ou plus de façades (excl. appartements)"
31005A301,270000.0,2023,"Toutes les maisons avec 2, 3, 4 ou plus de façades (excl. appartements)"
31005A312,329500.0,2023,"Toutes les maisons avec 2, 3, 4 ou plus de façades (excl. appartements)"
31005A401,320000.0,2023,"Toutes les maisons avec 2, 3, 4 ou plus de façades (excl. appartements)"
31005A412,240000.0,2023,"Toutes les maisons avec 2, 3, 4 ou plus de façades (excl. appartements)"
31005A501,280000.0,2023,"Toutes les maisons avec 2, 3, 4 ou plus de façades (excl. appartements)"
31005A60-,259500.0,2023,"Toutes les maisons avec 2, 3, 4 ou plus de façades (excl. appartements)"
31005A701,323000.0,2023,"Toutes les maisons avec 2, 3, 4 ou plus de façades (excl. appartements)"
31005A712,255000.0,2023,"Toutes les maisons avec 2, 3, 4 ou plus de façades (excl. appartements)"
31005A723,329000.0,2023,"Toutes les maisons avec 2, 3, 4 ou plus de façades (excl. appartements)"
31005B400,279000.0,2023,"Toutes les maisons avec 2, 3, 4 ou plus de façades (excl. appartements)"
31005E001,305000.0,2023,"Toutes les maisons avec 2, 3, 4 ou plus de façades (excl. appartements)"
31005E042,347000.0,2023,"Toutes les maisons avec 2, 3, 4 ou plus de façades (excl. appartements)"
31005F022,337000.0,2023,"Toutes les maisons avec 2, 3, 4 ou plus de façades (excl. appartements)"
31005F301,300000.0,2023,"Toutes les maisons avec 2, 3, 4 ou plus de façades (excl. appartements)"
31005F332,289000.0,2023,"Toutes les maisons avec 2, 3, 4 ou plus de façades (excl. appartements)"
31005F401,338000.0,2023,"Toutes les maisons avec 2, 3, 4 ou plus de façades (excl. appartements)"
31005G010,338500.0,2023,"Toutes les maisons avec 2, 3, 4 ou plus de façades (excl. appartements)"
31005G212,326000.0,2023,"Toutes les maisons avec 2, 3, 4 ou plus de façades (excl. appartements)"
31005H001,310000.0,2023,"Toutes les maisons avec 2, 3, 4 ou plus de façades (excl. appartements)"
31005H101,335000.0,2023,"Toutes les maisons avec 2, 3, 4 ou plus de façades (excl. appartements)"
31005H201,375000.0,2023,"Toutes les maisons avec 2, 3, 4 ou plus de façades (excl. appartements)"
31005H210,493000.0,2023,"Toutes les maisons avec 2, 3, 4 ou plus de façades (excl. appartements)"
31022A02-,315000.0,2023,"Toutes les maisons avec 2, 3, 4 ou plus de façades (excl. appartements)"
31033A111,290000.0,2023,"Toutes les maisons avec 2, 3, 4 ou plus de façades (excl. appartements)"
31033A201,295000.0,2023,"Toutes les maisons avec 2, 3, 4 ou plus de façades (excl. appartements)"
31040C000,368000.0,2023,"Toutes les maisons avec 2, 3, 4 ou plus de façades (excl. appartements)"
31043A021,690000.0,2023,"Toutes les maisons avec 2, 3, 4 ou plus de façades (excl. appartements)"
31043D01-,1155000.0,2023,"Toutes les maisons avec 2, 3, 4 ou plus de façades (excl. appartements)"
32006A001,303000.0,2023,"Toutes les maisons avec 2, 3, 4 ou plus de façades (excl. appartements)"
32006A022,182250.0,2023,"Toutes les maisons avec 2, 3, 4 ou plus de façades (excl. appartements)"
33011A001,271250.0,2023,"Toutes les maisons avec 2, 3, 4 ou plus de façades (excl. appartements)"
33011A011,220000.0,2023,"Toutes les maisons avec 2, 3, 4 ou plus de façades (excl. appartements)"
33011A02-,175000.0,2023,"Toutes les maisons avec 2, 3, 4 ou plus de façades (excl. appartements)"
33011A101,332500.0,2023,"Toutes les maisons avec 2, 3, 4 ou plus de façades (excl. appartements)"
33011A301,285000.0,2023,"Toutes les maisons avec 2, 3, 4 ou plus de façades (excl. appartements)"
33011A400,250000.0,2023,"Toutes les maisons avec 2, 3, 4 ou plus de façades (excl. appartements)"
33011G001,215000.0,2023,"Toutes les maisons avec 2, 3, 4 ou plus de façades (excl. appartements)"
33029A00-,165000.0,2023,"Toutes les maisons avec 2, 3, 4 ou plus de façades (excl. appartements)"
33029A02-,233000.0,2023,"Toutes les maisons avec 2, 3, 4 ou plus de façades (excl. appartements)"
33029A20-,155000.0,2023,"Toutes les maisons avec 2, 3, 4 ou plus de façades (excl. appartements)"
33029B001,275000.0,2023,"Toutes les maisons avec 2, 3, 4 ou plus de façades (excl. appartements)"
33037C00-,309000.0,2023,"Toutes les maisons avec 2, 3, 4 ou plus de façades (excl. appartements)"
33040A001,262500.0,2023,"Toutes les maisons avec 2, 3, 4 ou plus de façades (excl. appartements)"
34003A00-,197000.0,2023,"Toutes les maisons avec 2, 3, 4 ou plus de façades (excl. appartements)"
34009A022,292500.0,2023,"Toutes les maisons avec 2, 3, 4 ou plus de façades (excl. appartements)"
34013A010,257500.0,2023,"Toutes les maisons avec 2, 3, 4 ou plus de façades (excl. appartements)"
34013A032,210000.0,2023,"Toutes les maisons avec 2, 3, 4 ou plus de façades (excl. appartements)"
34013A101,230000.0,2023,"Toutes les maisons avec 2, 3, 4 ou plus de façades (excl. appartements)"
34013A201,247700.0,2023,"Toutes les maisons avec 2, 3, 4 ou plus de façades (excl. appartements)"
34013A212,208500.0,2023,"Toutes les maisons avec 2, 3, 4 ou plus de façades (excl. appartements)"
34013A30-,298000.0,2023,"Toutes les maisons avec 2, 3, 4 ou plus de façades (excl. appartements)"
34013A501,285000.0,2023,"Toutes les maisons avec 2, 3, 4 ou plus de façades (excl. appartements)"
34022A101,250000.0,2023,"Toutes les maisons avec 2, 3, 4 ou plus de façades (excl. appartements)"
34022A111,280500.0,2023,"Toutes les maisons avec 2, 3, 4 ou plus de façades (excl. appartements)"
34022A201,308000.0,2023,"Toutes les maisons avec 2, 3, 4 ou plus de façades (excl. appartements)"
34022A30-,230000.0,2023,"Toutes les maisons avec 2, 3, 4 ou plus de façades (excl. appartements)"
34022A32-,295000.0,2023,"Toutes les maisons avec 2, 3, 4 ou plus de façades (excl. appartements)"
34022A521,238000.0,2023,"Toutes les maisons avec 2, 3, 4 ou plus de façades (excl. appartements)"
34022A62-,407680.0,2023,"Toutes les maisons avec 2, 3, 4 ou plus de façades (excl. appartements)"
34022B201,252500.0,2023,"Toutes les maisons avec 2, 3, 4 ou plus de façades (excl. appartements)"
34022B223,192000.0,2023,"Toutes les maisons avec 2, 3, 4 ou plus de façades (excl. appartements)"
34022C001,211000.0,2023,"Toutes les maisons avec 2, 3, 4 ou plus de façades (excl. appartements)"
34022D00-,235500.0,2023,"Toutes les maisons avec 2, 3, 4 ou plus de façades (excl. appartements)"
34022D03-,290000.0,2023,"Toutes les maisons avec 2, 3, 4 ou plus de façades (excl. appartements)"
34022D121,457500.0,2023,"Toutes les maisons avec 2, 3, 4 ou plus de façades (excl. appartements)"
34023A001,185000.0,2023,"Toutes les maisons avec 2, 3, 4 ou plus de façades (excl. appartements)"
34023A053,249000.0,2023,"Toutes les maisons avec 2, 3, 4 ou plus de façades (excl. appartements)"
34023A20-,285000.0,2023,"Toutes les maisons avec 2, 3, 4 ou plus de façades (excl. appartements)"
34027A00-,121000.0,2023,"Toutes les maisons avec 2, 3, 4 ou plus de façades (excl. appartements)"
34027A01-,125000.0,2023,"Toutes les maisons avec 2, 3, 4 ou plus de façades (excl. appartements)"
34027A04-,150000.0,2023,"Toutes les maisons avec 2, 3, 4 ou plus de façades (excl. appartements)"
34027A101,139000.0,2023,"Toutes les maisons avec 2, 3, 4 ou plus de façades (excl. appartements)"
34027B001,225000.0,2023,"Toutes les maisons avec 2, 3, 4 ou plus de façades (excl. appartements)"
34027B10-,222500.0,2023,"Toutes les maisons avec 2, 3, 4 ou plus de façades (excl. appartements)"
34027C101,165000.0,2023,"Toutes les maisons avec 2, 3, 4 ou plus de façades (excl. appartements)"
34040A02-,338000.0,2023,"Toutes les maisons avec 2, 3, 4 ou plus de façades (excl. appartements)"
34040A40-,249000.0,2023,"Toutes les maisons avec 2, 3, 4 ou plus de façades (excl. appartements)"
34040A422,371000.0,2023,"Toutes les maisons avec 2, 3, 4 ou plus de façades (excl. appartements)"
34040B000,248000.0,2023,"Toutes les maisons avec 2, 3, 4 ou plus de façades (excl. appartements)"
34040B02-,313588.0,2023,"Toutes les maisons avec 2, 3, 4 ou plus de façades (excl. appartements)"
34040C022,321500.0,2023,"Toutes les maisons avec 2, 3, 4 ou plus de façades (excl. appartements)"
34040D001,290000.0,2023,"Toutes les maisons avec 2, 3, 4 ou plus de façades (excl. appartements)"
34041A040,210000.0,2023,"Toutes les maisons avec 2, 3, 4 ou plus de façades (excl. appartements)"
34041A101,331500.0,2023,"Toutes les maisons avec 2, 3, 4 ou plus de façades (excl. appartements)"
34041A222,237500.0,2023,"Toutes les maisons avec 2, 3, 4 ou plus de façades (excl. appartements)"
34041B02-,261000.0,2023,"Toutes les maisons avec 2, 3, 4 ou plus de façades (excl. appartements)"
34041B0AN,250000.0,2023,"Toutes les maisons avec 2, 3, 4 ou plus de façades (excl. appartements)"
34041C00-,195000.0,2023,"Toutes les maisons avec 2, 3, 4 ou plus de façades (excl. appartements)"
34042A100,250000.0,2023,"Toutes les maisons avec 2, 3, 4 ou plus de façades (excl. appartements)"
34042D00-,235000.0,2023,"Toutes les maisons avec 2, 3, 4 ou plus de façades (excl. appartements)"
34042E00-,247500.0,2023,"Toutes les maisons avec 2, 3, 4 ou plus de façades (excl. appartements)"
35002A00-,320000.0,2023,"Toutes les maisons avec 2, 3, 4 ou plus de façades (excl. appartements)"
35002A101,217500.0,2023,"Toutes les maisons avec 2, 3, 4 ou plus de façades (excl. appartements)"
35002A311,240000.0,2023,"Toutes les maisons avec 2, 3, 4 ou plus de façades (excl. appartements)"
35005A00-,277000.0,2023,"Toutes les maisons avec 2, 3, 4 ou plus de façades (excl. appartements)"
35006B001,255000.0,2023,"Toutes les maisons avec 2, 3, 4 ou plus de façades (excl. appartements)"
35011A00-,212500.0,2023,"Toutes les maisons avec 2, 3, 4 ou plus de façades (excl. appartements)"
35011H00-,249000.0,2023,"Toutes les maisons avec 2, 3, 4 ou plus de façades (excl. appartements)"
35013A501,270000.0,2023,"Toutes les maisons avec 2, 3, 4 ou plus de façades (excl. appartements)"
35013A511,185000.0,2023,"Toutes les maisons avec 2, 3, 4 ou plus de façades (excl. appartements)"
35013A522,200000.0,2023,"Toutes les maisons avec 2, 3, 4 ou plus de façades (excl. appartements)"
35013B301,265000.0,2023,"Toutes les maisons avec 2, 3, 4 ou plus de façades (excl. appartements)"
35013B332,300000.0,2023,"Toutes les maisons avec 2, 3, 4 ou plus de façades (excl. appartements)"
35013D30-,248250.0,2023,"Toutes les maisons avec 2, 3, 4 ou plus de façades (excl. appartements)"
35013F200,294000.0,2023,"Toutes les maisons avec 2, 3, 4 ou plus de façades (excl. appartements)"
35013F600,269000.0,2023,"Toutes les maisons avec 2, 3, 4 ou plus de façades (excl. appartements)"
35014A02-,327000.0,2023,"Toutes les maisons avec 2, 3, 4 ou plus de façades (excl. appartements)"
35029A0JA,227500.0,2023,"Toutes les maisons avec 2, 3, 4 ou plus de façades (excl. appartements)"
35029A20-,375000.0,2023,"Toutes les maisons avec 2, 3, 4 ou plus de façades (excl. appartements)"
35029B10-,330000.0,2023,"Toutes les maisons avec 2, 3, 4 ou plus de façades (excl. appartements)"
35029C01-,357500.0,2023,"Toutes les maisons avec 2, 3, 4 ou plus de façades (excl. appartements)"
35029C091,250000.0,2023,"Toutes les maisons avec 2, 3, 4 ou plus de façades (excl. appartements)"
36007A042,220000.0,2023,"Toutes les maisons avec 2, 3, 4 ou plus de façades (excl. appartements)"
36008A021,175000.0,2023,"Toutes les maisons avec 2, 3, 4 ou plus de façades (excl. appartements)"
36008A052,208054.0,2023,"Toutes les maisons avec 2, 3, 4 ou plus de façades (excl. appartements)"
36008A101,250000.0,2023,"Toutes les maisons avec 2, 3, 4 ou plus de façades (excl. appartements)"
36008A200,175500.0,2023,"Toutes les maisons avec 2, 3, 4 ou plus de façades (excl. appartements)"
36008A50-,233000.0,2023,"Toutes les maisons avec 2, 3, 4 ou plus de façades (excl. appartements)"
36008A51-,205000.0,2023,"Toutes les maisons avec 2, 3, 4 ou plus de façades (excl. appartements)"
36008A612,245000.0,2023,"Toutes les maisons avec 2, 3, 4 ou plus de façades (excl. appartements)"
36008B000,250000.0,2023,"Toutes les maisons avec 2, 3, 4 ou plus de façades (excl. appartements)"
36010A000,210000.0,2023,"Toutes les maisons avec 2, 3, 4 ou plus de façades (excl. appartements)"
36010B00-,290000.0,2023,"Toutes les maisons avec 2, 3, 4 ou plus de façades (excl. appartements)"
36011A04-,322500.0,2023,"Toutes les maisons avec 2, 3, 4 ou plus de façades (excl. appartements)"
36012A022,222500.0,2023,"Toutes les maisons avec 2, 3, 4 ou plus de façades (excl. appartements)"
36012B021,242000.0,2023,"Toutes les maisons avec 2, 3, 4 ou plus de façades (excl. appartements)"
36015A154,286000.0,2023,"Toutes les maisons avec 2, 3, 4 ou plus de façades (excl. appartements)"
36015A20-,220000.0,2023,"Toutes les maisons avec 2, 3, 4 ou plus de façades (excl. appartements)"
36015A301,230000.0,2023,"Toutes les maisons avec 2, 3, 4 ou plus de façades (excl. appartements)"
36015A401,227000.0,2023,"Toutes les maisons avec 2, 3, 4 ou plus de façades (excl. appartements)"
36015A510,262500.0,2023,"Toutes les maisons avec 2, 3, 4 ou plus de façades (excl. appartements)"
36015A610,240000.0,2023,"Toutes les maisons avec 2, 3, 4 ou plus de façades (excl. appartements)"
36015C001,254500.0,2023,"Toutes les maisons avec 2, 3, 4 ou plus de façades (excl. appartements)"
36019B00-,245000.0,2023,"Toutes les maisons avec 2, 3, 4 ou plus de façades (excl. appartements)"
37007A021,218750.0,2023,"Toutes les maisons avec 2, 3, 4 ou plus de façades (excl. appartements)"
37010A001,305000.0,2023,"Toutes les maisons avec 2, 3, 4 ou plus de façades (excl. appartements)"
37011A001,270000.0,2023,"Toutes les maisons avec 2, 3, 4 ou plus de façades (excl. appartements)"
37017B001,285500.0,2023,"Toutes les maisons avec 2, 3, 4 ou plus de façades (excl. appartements)"
37018A00-,301500.0,2023,"Toutes les maisons avec 2, 3, 4 ou plus de façades (excl. appartements)"
37018B00-,290000.0,2023,"Toutes les maisons avec 2, 3, 4 ou plus de façades (excl. appartements)"
37020A01-,222222.0,2023,"Toutes les maisons avec 2, 3, 4 ou plus de façades (excl. appartements)"
38008B001,255000.0,2023,"Toutes les maisons avec 2, 3, 4 ou plus de façades (excl. appartements)"
38008B08-,215000.0,2023,"Toutes les maisons avec 2, 3, 4 ou plus de façades (excl. appartements)"
38014A00-,365000.0,2023,"Toutes les maisons avec 2, 3, 4 ou plus de façades (excl. appartements)"
38014A01-,185000.0,2023,"Toutes les maisons avec 2, 3, 4 ou plus de façades (excl. appartements)"
38014A12-,447500.0,2023,"Toutes les maisons avec 2, 3, 4 ou plus de façades (excl. appartements)"
38014A21-,552500.0,2023,"Toutes les maisons avec 2, 3, 4 ou plus de façades (excl. appartements)"
38014A23-,750000.0,2023,"Toutes les maisons avec 2, 3, 4 ou plus de façades (excl. appartements)"
38014B11-,657000.0,2023,"Toutes les maisons avec 2, 3, 4 ou plus de façades (excl. appartements)"
38016A12-,255000.0,2023,"Toutes les maisons avec 2, 3, 4 ou plus de façades (excl. appartements)"
41002A121,300000.0,2023,"Toutes les maisons avec 2, 3, 4 ou plus de façades (excl. appartements)"
41002A20-,219000.0,2023,"Toutes les maisons avec 2, 3, 4 ou plus de façades (excl. appartements)"
41002A221,310000.0,2023,"Toutes les maisons avec 2, 3, 4 ou plus de façades (excl. appartements)"
41002A51-,285000.0,2023,"Toutes les maisons avec 2, 3, 4 ou plus de façades (excl. appartements)"
41002A542,298000.0,2023,"Toutes les maisons avec 2, 3, 4 ou plus de façades (excl. appartements)"
41002A62-,226000.0,2023,"Toutes les maisons avec 2, 3, 4 ou plus de façades (excl. appartements)"
41002A71-,290000.0,2023,"Toutes les maisons avec 2, 3, 4 ou plus de façades (excl. appartements)"
41002A802,239000.0,2023,"Toutes les maisons avec 2, 3, 4 ou plus de façades (excl. appartements)"
41002A833,288500.0,2023,"Toutes les maisons avec 2, 3, 4 ou plus de façades (excl. appartements)"
41002B001,271000.0,2023,"Toutes les maisons avec 2, 3, 4 ou plus de façades (excl. appartements)"
41002H01-,264500.0,2023,"Toutes les maisons avec 2, 3, 4 ou plus de façades (excl. appartements)"
41002H120,325000.0,2023,"Toutes les maisons avec 2, 3, 4 ou plus de façades (excl. appartements)"
41011A01-,280000.0,2023,"Toutes les maisons avec 2, 3, 4 ou plus de façades (excl. appartements)"
41011A10-,297500.0,2023,"Toutes les maisons avec 2, 3, 4 ou plus de façades (excl. appartements)"
41011C01-,299000.0,2023,"Toutes les maisons avec 2, 3, 4 ou plus de façades (excl. appartements)"
41018A00-,130000.0,2023,"Toutes les maisons avec 2, 3, 4 ou plus de façades (excl. appartements)"
41018A05-,146250.0,2023,"Toutes les maisons avec 2, 3, 4 ou plus de façades (excl. appartements)"
41018C000,214000.0,2023,"Toutes les maisons avec 2, 3, 4 ou plus de façades (excl. appartements)"
41018S00-,230000.0,2023,"Toutes les maisons avec 2, 3, 4 ou plus de façades (excl. appartements)"
41027A00-,255000.0,2023,"Toutes les maisons avec 2, 3, 4 ou plus de façades (excl. appartements)"
41027A020,264500.0,2023,"Toutes les maisons avec 2, 3, 4 ou plus de façades (excl. appartements)"
41027E00-,355000.0,2023,"Toutes les maisons avec 2, 3, 4 ou plus de façades (excl. appartements)"
41034A410,247000.0,2023,"Toutes les maisons avec 2, 3, 4 ou plus de façades (excl. appartements)"
41048A01-,222000.0,2023,"Toutes les maisons avec 2, 3, 4 ou plus de façades (excl. appartements)"
41048A30-,227000.0,2023,"Toutes les maisons avec 2, 3, 4 ou plus de façades (excl. appartements)"
41048A412,215000.0,2023,"Toutes les maisons avec 2, 3, 4 ou plus de façades (excl. appartements)"
41048H00-,292000.0,2023,"Toutes les maisons avec 2, 3, 4 ou plus de façades (excl. appartements)"
41081A00-,256000.0,2023,"Toutes les maisons avec 2, 3, 4 ou plus de façades (excl. appartements)"
41081H12-,250000.0,2023,"Toutes les maisons avec 2, 3, 4 ou plus de façades (excl. appartements)"
41081K000,237500.0,2023,"Toutes les maisons avec 2, 3, 4 ou plus de façades (excl. appartements)"
41082A00-,257500.0,2023,"Toutes les maisons avec 2, 3, 4 ou plus de façades (excl. appartements)"
42003A022,240000.0,2023,"Toutes les maisons avec 2, 3, 4 ou plus de façades (excl. appartements)"
42006C001,227000.0,2023,"Toutes les maisons avec 2, 3, 4 ou plus de façades (excl. appartements)"
42006C02-,223000.0,2023,"Toutes les maisons avec 2, 3, 4 ou plus de façades (excl. appartements)"
42006C042,290900.0,2023,"Toutes les maisons avec 2, 3, 4 ou plus de façades (excl. appartements)"
42006C100,300000.0,2023,"Toutes les maisons avec 2, 3, 4 ou plus de façades (excl. appartements)"
42006C20-,250000.0,2023,"Toutes les maisons avec 2, 3, 4 ou plus de façades (excl. appartements)"
42006D032,225000.0,2023,"Toutes les maisons avec 2, 3, 4 ou plus de façades (excl. appartements)"
42006E021,225000.0,2023,"Toutes les maisons avec 2, 3, 4 ou plus de façades (excl. appartements)"
42008A02-,226000.0,2023,"Toutes les maisons avec 2, 3, 4 ou plus de façades (excl. appartements)"
42008A043,325121.0,2023,"Toutes les maisons avec 2, 3, 4 ou plus de façades (excl. appartements)"
42008A314,270000.0,2023,"Toutes les maisons avec 2, 3, 4 ou plus de façades (excl. appartements)"
42008A501,205000.0,2023,"Toutes les maisons avec 2, 3, 4 ou plus de façades (excl. appartements)"
42011A10-,271586.0,2023,"Toutes les maisons avec 2, 3, 4 ou plus de façades (excl. appartements)"
42011A19-,275000.0,2023,"Toutes les maisons avec 2, 3, 4 ou plus de façades (excl. appartements)"
42023A022,295000.0,2023,"Toutes les maisons avec 2, 3, 4 ou plus de façades (excl. appartements)"
42023A41-,675000.0,2023,"Toutes les maisons avec 2, 3, 4 ou plus de façades (excl. appartements)"
42025A022,232500.0,2023,"Toutes les maisons avec 2, 3, 4 ou plus de façades (excl. appartements)"
42025A100,225000.0,2023,"Toutes les maisons avec 2, 3, 4 ou plus de façades (excl. appartements)"
42025A30-,330000.0,2023,"Toutes les maisons avec 2, 3, 4 ou plus de façades (excl. appartements)"
42026A19-,280000.0,2023,"Toutes les maisons avec 2, 3, 4 ou plus de façades (excl. appartements)"
42026B00-,332500.0,2023,"Toutes les maisons avec 2, 3, 4 ou plus de façades (excl. appartements)"
42028A021,245000.0,2023,"Toutes les maisons avec 2, 3, 4 ou plus de façades (excl. appartements)"
43002A001,235000.0,2023,"Toutes les maisons avec 2, 3, 4 ou plus de façades (excl. appartements)"
43005A01-,212500.0,2023,"Toutes les maisons avec 2, 3, 4 ou plus de façades (excl. appartements)"
43005A022,249050.0,2023,"Toutes les maisons avec 2, 3, 4 ou plus de façades (excl. appartements)"
43005A03-,287000.0,2023,"Toutes les maisons avec 2, 3, 4 ou plus de façades (excl. appartements)"
43005A041,245000.0,2023,"Toutes les maisons avec 2, 3, 4 ou plus de façades (excl. appartements)"
43005A050,245500.0,2023,"Toutes les maisons avec 2, 3, 4 ou plus de façades (excl. appartements)"
43005A303,302000.0,2023,"Toutes les maisons avec 2, 3, 4 ou plus de façades (excl. appartements)"
43005A401,349000.0,2023,"Toutes les maisons avec 2, 3, 4 ou plus de façades (excl. appartements)"
43010A021,290000.0,2023,"Toutes les maisons avec 2, 3, 4 ou plus de façades (excl. appartements)"
43018A012,237500.0,2023,"Toutes les maisons avec 2, 3, 4 ou plus de façades (excl. appartements)"
43018A020,267500.0,2023,"Toutes les maisons avec 2, 3, 4 ou plus de façades (excl. appartements)"
43018A044,270000.0,2023,"Toutes les maisons avec 2, 3, 4 ou plus de façades (excl. appartements)"
44001A01-,416500.0,2023,"Toutes les maisons avec 2, 3, 4 ou plus de façades (excl. appartements)"
44011B000,381000.0,2023,"Toutes les maisons avec 2, 3, 4 ou plus de façades (excl. appartements)"
44011C000,295000.0,2023,"Toutes les maisons avec 2, 3, 4 ou plus de façades (excl. appartements)"
44011C01-,321000.0,2023,"Toutes les maisons avec 2, 3, 4 ou plus de façades (excl. appartements)"
44011C02-,300000.0,2023,"Toutes les maisons avec 2, 3, 4 ou plus de façades (excl. appartements)"
44012A011,418000.0,2023,"Toutes les maisons avec 2, 3, 4 ou plus de façades (excl. appartements)"
44013A212,375000.0,2023,"Toutes les maisons avec 2, 3, 4 ou plus de façades (excl. appartements)"
44013B000,349500.0,2023,"Toutes les maisons avec 2, 3, 4 ou plus de façades (excl. appartements)"
44013B031,556000.0,2023,"Toutes les maisons avec 2, 3, 4 ou plus de façades (excl. appartements)"
44019A00-,331000.0,2023,"Toutes les maisons avec 2, 3, 4 ou plus de façades (excl. appartements)"
44019A010,363000.0,2023,"Toutes les maisons avec 2, 3, 4 ou plus de façades (excl. appartements)"
44019B001,370000.0,2023,"Toutes les maisons avec 2, 3, 4 ou plus de façades (excl. appartements)"
44019C020,325000.0,2023,"Toutes les maisons avec 2, 3, 4 ou plus de façades (excl. appartements)"
44020F10-,362500.0,2023,"Toutes les maisons avec 2, 3, 4 ou plus de façades (excl. appartements)"
44021A040,377500.0,2023,"Toutes les maisons avec 2, 3, 4 ou plus de façades (excl. appartements)"
44021A05-,612500.0,2023,"Toutes les maisons avec 2, 3, 4 ou plus de façades (excl. appartements)"
44021A10-,400000.0,2023,"Toutes les maisons avec 2, 3, 4 ou plus de façades (excl. appartements)"
44021A13-,426500.0,2023,"Toutes les maisons avec 2, 3, 4 ou plus de façades (excl. appartements)"
44021A221,384500.0,2023,"Toutes les maisons avec 2, 3, 4 ou plus de façades (excl. appartements)"
44021A24-,537500.0,2023,"Toutes les maisons avec 2, 3, 4 ou plus de façades (excl. appartements)"
44021A321,620000.0,2023,"Toutes les maisons avec 2, 3, 4 ou plus de façades (excl. appartements)"
44021A33-,370000.0,2023,"Toutes les maisons avec 2, 3, 4 ou plus de façades (excl. appartements)"
44021A35-,590000.0,2023,"Toutes les maisons avec 2, 3, 4 ou plus de façades (excl. appartements)"
44021A50-,279500.0,2023,"Toutes les maisons avec 2, 3, 4 ou plus de façades (excl. appartements)"
44021A521,358625.0,2023,"Toutes les maisons avec 2, 3, 4 ou plus de façades (excl. appartements)"
44021A531,316000.0,2023,"Toutes les maisons avec 2, 3, 4 ou plus de façades (excl. appartements)"
44021A542,273000.0,2023,"Toutes les maisons avec 2, 3, 4 ou plus de façades (excl. appartements)"
44021A63-,301000.0,2023,"Toutes les maisons avec 2, 3, 4 ou plus de façades (excl. appartements)"
44021A711,443000.0,2023,"Toutes les maisons avec 2, 3, 4 ou plus de façades (excl. appartements)"
44021A731,568750.0,2023,"Toutes les maisons avec 2, 3, 4 ou plus de façades (excl. appartements)"
44021A801,250500.0,2023,"Toutes les maisons avec 2, 3, 4 ou plus de façades (excl. appartements)"
44021B301,473000.0,2023,"Toutes les maisons avec 2, 3, 4 ou plus de façades (excl. appartements)"
44021B321,413500.0,2023,"Toutes les maisons avec 2, 3, 4 ou plus de façades (excl. appartements)"
44021B411,372000.0,2023,"Toutes les maisons avec 2, 3, 4 ou plus de façades (excl. appartements)"
44021B433,395000.0,2023,"Toutes les maisons avec 2, 3, 4 ou plus de façades (excl. appartements)"
44021C800,247000.0,2023,"Toutes les maisons avec 2, 3, 4 ou plus de façades (excl. appartements)"
44021D001,370000.0,2023,"Toutes les maisons avec 2, 3, 4 ou plus de façades (excl. appartements)"
44021D10-,410500.0,2023,"Toutes les maisons avec 2, 3, 4 ou plus de façades (excl. appartements)"
44021D190,450000.0,2023,"Toutes les maisons avec 2, 3, 4 ou plus de façades (excl. appartements)"
44021E00-,311000.0,2023,"Toutes les maisons avec 2, 3, 4 ou plus de façades (excl. appartements)"
44021E01-,411500.0,2023,"Toutes les maisons avec 2, 3, 4 ou plus de façades (excl. appartements)"
44021E021,342000.0,2023,"Toutes les maisons avec 2, 3, 4 ou plus de façades (excl. appartements)"
44021E031,410125.0,2023,"Toutes les maisons avec 2, 3, 4 ou plus de façades (excl. appartements)"
44021E042,347848.0,2023,"Toutes les maisons avec 2, 3, 4 ou plus de façades (excl. appartements)"
44021E32-,260000.0,2023,"Toutes les maisons avec 2, 3, 4 ou plus de façades (excl. appartements)"
44021F001,365000.0,2023,"Toutes les maisons avec 2, 3, 4 ou plus de façades (excl. appartements)"
44021F01-,405500.0,2023,"Toutes les maisons avec 2, 3, 4 ou plus de façades (excl. appartements)"
44021F110,411000.0,2023,"Toutes les maisons avec 2, 3, 4 ou plus de façades (excl. appartements)"
44021F121,365000.0,2023,"Toutes les maisons avec 2, 3, 4 ou plus de façades (excl. appartements)"
44021G00-,315000.0,2023,"Toutes les maisons avec 2, 3, 4 ou plus de façades (excl. appartements)"
44021G01-,422000.0,2023,"Toutes les maisons avec 2, 3, 4 ou plus de façades (excl. appartements)"
44021G031,361000.0,2023,"Toutes les maisons avec 2, 3, 4 ou plus de façades (excl. appartements)"
44021G101,365500.0,2023,"Toutes les maisons avec 2, 3, 4 ou plus de façades (excl. appartements)"
44021G112,278000.0,2023,"Toutes les maisons avec 2, 3, 4 ou plus de façades (excl. appartements)"
44021H001,372372.0,2023,"Toutes les maisons avec 2, 3, 4 ou plus de façades (excl. appartements)"
44021L00-,300500.0,2023,"Toutes les maisons avec 2, 3, 4 ou plus de façades (excl. appartements)"
44021L011,466000.0,2023,"Toutes les maisons avec 2, 3, 4 ou plus de façades (excl. appartements)"
44021L02-,393550.0,2023,"Toutes les maisons avec 2, 3, 4 ou plus de façades (excl. appartements)"
44021L121,295000.0,2023,"Toutes les maisons avec 2, 3, 4 ou plus de façades (excl. appartements)"
44021M00-,302500.0,2023,"Toutes les maisons avec 2, 3, 4 ou plus de façades (excl. appartements)"
44021M01-,302000.0,2023,"Toutes les maisons avec 2, 3, 4 ou plus de façades (excl. appartements)"
44021M020,387505.0,2023,"Toutes les maisons avec 2, 3, 4 ou plus de façades (excl. appartements)"
44021M040,481000.0,2023,"Toutes les maisons avec 2, 3, 4 ou plus de façades (excl. appartements)"
44021M102,302500.0,2023,"Toutes les maisons avec 2, 3, 4 ou plus de façades (excl. appartements)"
44021M37-,305000.0,2023,"Toutes les maisons avec 2, 3, 4 ou plus de façades (excl. appartements)"
44029A00-,252000.0,2023,"Toutes les maisons avec 2, 3, 4 ou plus de façades (excl. appartements)"
44034A01-,510000.0,2023,"Toutes les maisons avec 2, 3, 4 ou plus de façades (excl. appartements)"
44034A316,530000.0,2023,"Toutes les maisons avec 2, 3, 4 ou plus de façades (excl. appartements)"
44036A00-,395000.0,2023,"Toutes les maisons avec 2, 3, 4 ou plus de façades (excl. appartements)"
44036A01-,359000.0,2023,"Toutes les maisons avec 2, 3, 4 ou plus de façades (excl. appartements)"
44036A022,377500.0,2023,"Toutes les maisons avec 2, 3, 4 ou plus de façades (excl. appartements)"
44040A001,373000.0,2023,"Toutes les maisons avec 2, 3, 4 ou plus de façades (excl. appartements)"
44040A022,363500.0,2023,"Toutes les maisons avec 2, 3, 4 ou plus de façades (excl. appartements)"
44040A101,394862.0,2023,"Toutes les maisons avec 2, 3, 4 ou plus de façades (excl. appartements)"
44043A000,399000.0,2023,"Toutes les maisons avec 2, 3, 4 ou plus de façades (excl. appartements)"
44043A02-,358500.0,2023,"Toutes les maisons avec 2, 3, 4 ou plus de façades (excl. appartements)"
44043A112,397500.0,2023,"Toutes les maisons avec 2, 3, 4 ou plus de façades (excl. appartements)"
44043A201,356500.0,2023,"Toutes les maisons avec 2, 3, 4 ou plus de façades (excl. appartements)"
44043A21-,342000.0,2023,"Toutes les maisons avec 2, 3, 4 ou plus de façades (excl. appartements)"
44045A001,257500.0,2023,"Toutes les maisons avec 2, 3, 4 ou plus de façades (excl. appartements)"
44048A00-,410000.0,2023,"Toutes les maisons avec 2, 3, 4 ou plus de façades (excl. appartements)"
44064A02-,580000.0,2023,"Toutes les maisons avec 2, 3, 4 ou plus de façades (excl. appartements)"
44072A001,265000.0,2023,"Toutes les maisons avec 2, 3, 4 ou plus de façades (excl. appartements)"
44073A000,315250.0,2023,"Toutes les maisons avec 2, 3, 4 ou plus de façades (excl. appartements)"
44080A001,400000.0,2023,"Toutes les maisons avec 2, 3, 4 ou plus de façades (excl. appartements)"
44081A01-,297000.0,2023,"Toutes les maisons avec 2, 3, 4 ou plus de façades (excl. appartements)"
44081C01-,327000.0,2023,"Toutes les maisons avec 2, 3, 4 ou plus de façades (excl. appartements)"
45035A110,287500.0,2023,"Toutes les maisons avec 2, 3, 4 ou plus de façades (excl. appartements)"
45041A02-,179000.0,2023,"Toutes les maisons avec 2, 3, 4 ou plus de façades (excl. appartements)"
45041A03-,210000.0,2023,"Toutes les maisons avec 2, 3, 4 ou plus de façades (excl. appartements)"
45041A051,135000.0,2023,"Toutes les maisons avec 2, 3, 4 ou plus de façades (excl. appartements)"
45041A12-,210000.0,2023,"Toutes les maisons avec 2, 3, 4 ou plus de façades (excl. appartements)"
45041A60-,197500.0,2023,"Toutes les maisons avec 2, 3, 4 ou plus de façades (excl. appartements)"
45057A01-,305000.0,2023,"Toutes les maisons avec 2, 3, 4 ou plus de façades (excl. appartements)"
45060B001,257500.0,2023,"Toutes les maisons avec 2, 3, 4 ou plus de façades (excl. appartements)"
46003A200,290000.0,2023,"Toutes les maisons avec 2, 3, 4 ou plus de façades (excl. appartements)"
46003A301,305000.0,2023,"Toutes les maisons avec 2, 3, 4 ou plus de façades (excl. appartements)"
46003D000,235000.0,2023,"Toutes les maisons avec 2, 3, 4 ou plus de façades (excl. appartements)"
46003G021,418500.0,2023,"Toutes les maisons avec 2, 3, 4 ou plus de façades (excl. appartements)"
46003G11-,307500.0,2023,"Toutes les maisons avec 2, 3, 4 ou plus de façades (excl. appartements)"
46013A001,262500.0,2023,"Toutes les maisons avec 2, 3, 4 ou plus de façades (excl. appartements)"
46013C012,250000.0,2023,"Toutes les maisons avec 2, 3, 4 ou plus de façades (excl. appartements)"
46014A10-,307500.0,2023,"Toutes les maisons avec 2, 3, 4 ou plus de façades (excl. appartements)"
46014A532,347500.0,2023,"Toutes les maisons avec 2, 3, 4 ou plus de façades (excl. appartements)"
46014A60-,282500.0,2023,"Toutes les maisons avec 2, 3, 4 ou plus de façades (excl. appartements)"
46014A734,305000.0,2023,"Toutes les maisons avec 2, 3, 4 ou plus de façades (excl. appartements)"
46020B012,285000.0,2023,"Toutes les maisons avec 2, 3, 4 ou plus de façades (excl. appartements)"
46021A011,232500.0,2023,"Toutes les maisons avec 2, 3, 4 ou plus de façades (excl. appartements)"
46021A021,210000.0,2023,"Toutes les maisons avec 2, 3, 4 ou plus de façades (excl. appartements)"
46021A101,308975.0,2023,"Toutes les maisons avec 2, 3, 4 ou plus de façades (excl. appartements)"
46021A111,271250.0,2023,"Toutes les maisons avec 2, 3, 4 ou plus de façades (excl. appartements)"
46021A142,260000.0,2023,"Toutes les maisons avec 2, 3, 4 ou plus de façades (excl. appartements)"
46021A152,247000.0,2023,"Toutes les maisons avec 2, 3, 4 ou plus de façades (excl. appartements)"
46021A243,283500.0,2023,"Toutes les maisons avec 2, 3, 4 ou plus de façades (excl. appartements)"
46021A401,240000.0,2023,"Toutes les maisons avec 2, 3, 4 ou plus de façades (excl. appartements)"
46021A412,284000.0,2023,"Toutes les maisons avec 2, 3, 4 ou plus de façades (excl. appartements)"
46021A512,270000.0,2023,"Toutes les maisons avec 2, 3, 4 ou plus de façades (excl. appartements)"
46021A522,219000.0,2023,"Toutes les maisons avec 2, 3, 4 ou plus de façades (excl. appartements)"
46021A533,245000.0,2023,"Toutes les maisons avec 2, 3, 4 ou plus de façades (excl. appartements)"
46021C101,319500.0,2023,"Toutes les maisons avec 2, 3, 4 ou plus de façades (excl. appartements)"
46021D00-,360000.0,2023,"Toutes les maisons avec 2, 3, 4 ou plus de façades (excl. appartements)"
46024A262,252000.0,2023,"Toutes les maisons avec 2, 3, 4 ou plus de façades (excl. appartements)"
46025A001,215000.0,2023,"Toutes les maisons avec 2, 3, 4 ou plus de façades (excl. appartements)"
46025A012,195000.0,2023,"Toutes les maisons avec 2, 3, 4 ou plus de façades (excl. appartements)"
46025A022,244000.0,2023,"Toutes les maisons avec 2, 3, 4 ou plus de façades (excl. appartements)"
46025A101,250000.0,2023,"Toutes les maisons avec 2, 3, 4 ou plus de façades (excl. appartements)"
46025B011,237500.0,2023,"Toutes les maisons avec 2, 3, 4 ou plus de façades (excl. appartements)"
46025C091,276500.0,2023,"Toutes les maisons avec 2, 3, 4 ou plus de façades (excl. appartements)"
51004A101,200000.0,2023,"Toutes les maisons avec 2, 3, 4 ou plus de façades (excl. appartements)"
51009C00-,150000.0,2023,"Toutes les maisons avec 2, 3, 4 ou plus de façades (excl. appartements)"
51009C02-,200000.0,2023,"Toutes les maisons avec 2, 3, 4 ou plus de façades (excl. appartements)"
51019A001,255000.0,2023,"Toutes les maisons avec 2, 3, 4 ou plus de façades (excl. appartements)"
52010A00-,166000.0,2023,"Toutes les maisons avec 2, 3, 4 ou plus de façades (excl. appartements)"
52011A301,127000.0,2023,"Toutes les maisons avec 2, 3, 4 ou plus de façades (excl. appartements)"
52011C201,165000.0,2023,"Toutes les maisons avec 2, 3, 4 ou plus de façades (excl. appartements)"
52011D12-,115000.0,2023,"Toutes les maisons avec 2, 3, 4 ou plus de façades (excl. appartements)"
52011D1AS,105000.0,2023,"Toutes les maisons avec 2, 3, 4 ou plus de façades (excl. appartements)"
52011D30-,155000.0,2023,"Toutes les maisons avec 2, 3, 4 ou plus de façades (excl. appartements)"
52011E001,112500.0,2023,"Toutes les maisons avec 2, 3, 4 ou plus de façades (excl. appartements)"
52011E021,110000.0,2023,"Toutes les maisons avec 2, 3, 4 ou plus de façades (excl. appartements)"
52011E412,140000.0,2023,"Toutes les maisons avec 2, 3, 4 ou plus de façades (excl. appartements)"
52011E50-,110000.0,2023,"Toutes les maisons avec 2, 3, 4 ou plus de façades (excl. appartements)"
52011E51-,116500.0,2023,"Toutes les maisons avec 2, 3, 4 ou plus de façades (excl. appartements)"
52011F112,175000.0,2023,"Toutes les maisons avec 2, 3, 4 ou plus de façades (excl. appartements)"
52011F2AX,170000.0,2023,"Toutes les maisons avec 2, 3, 4 ou plus de façades (excl. appartements)"
52011G122,150000.0,2023,"Toutes les maisons avec 2, 3, 4 ou plus de façades (excl. appartements)"
52011G3AZ,183750.0,2023,"Toutes les maisons avec 2, 3, 4 ou plus de façades (excl. appartements)"
52011J01-,110000.0,2023,"Toutes les maisons avec 2, 3, 4 ou plus de façades (excl. appartements)"
52011J432,63750.0,2023,"Toutes les maisons avec 2, 3, 4 ou plus de façades (excl. appartements)"
52011M10-,150000.0,2023,"Toutes les maisons avec 2, 3, 4 ou plus de façades (excl. appartements)"
52011M111,150000.0,2023,"Toutes les maisons avec 2, 3, 4 ou plus de façades (excl. appartements)"
52011N101,125000.0,2023,"Toutes les maisons avec 2, 3, 4 ou plus de façades (excl. appartements)"
52011N121,155000.0,2023,"Toutes les maisons avec 2, 3, 4 ou plus de façades (excl. appartements)"
52011N151,135000.0,2023,"Toutes les maisons avec 2, 3, 4 ou plus de façades (excl. appartements)"
52011N30-,166000.0,2023,"Toutes les maisons avec 2, 3, 4 ou plus de façades (excl. appartements)"
52011N501,140000.0,2023,"Toutes les maisons avec 2, 3, 4 ou plus de façades (excl. appartements)"
52011N60-,149000.0,2023,"Toutes les maisons avec 2, 3, 4 ou plus de façades (excl. appartements)"
52011P111,142000.0,2023,"Toutes les maisons avec 2, 3, 4 ou plus de façades (excl. appartements)"
52011R20-,152500.0,2023,"Toutes les maisons avec 2, 3, 4 ou plus de façades (excl. appartements)"
52012A301,160000.0,2023,"Toutes les maisons avec 2, 3, 4 ou plus de façades (excl. appartements)"
52012B22-,160000.0,2023,"Toutes les maisons avec 2, 3, 4 ou plus de façades (excl. appartements)"
52012B430,150000.0,2023,"Toutes les maisons avec 2, 3, 4 ou plus de façades (excl. appartements)"
52012C001,120000.0,2023,"Toutes les maisons avec 2, 3, 4 ou plus de façades (excl. appartements)"
52015A11-,145000.0,2023,"Toutes les maisons avec 2, 3, 4 ou plus de façades (excl. appartements)"
52015B02-,141000.0,2023,"Toutes les maisons avec 2, 3, 4 ou plus de façades (excl. appartements)"
52022B00-,180000.0,2023,"Toutes les maisons avec 2, 3, 4 ou plus de façades (excl. appartements)"
52043C01-,134000.0,2023,"Toutes les maisons avec 2, 3, 4 ou plus de façades (excl. appartements)"
52043D00-,165000.0,2023,"Toutes les maisons avec 2, 3, 4 ou plus de façades (excl. appartements)"
52055A02-,197500.0,2023,"Toutes les maisons avec 2, 3, 4 ou plus de façades (excl. appartements)"
53014A022,145000.0,2023,"Toutes les maisons avec 2, 3, 4 ou plus de façades (excl. appartements)"
53014A101,115000.0,2023,"Toutes les maisons avec 2, 3, 4 ou plus de façades (excl. appartements)"
53014A200,100000.0,2023,"Toutes les maisons avec 2, 3, 4 ou plus de façades (excl. appartements)"
53020A05-,134000.0,2023,"Toutes les maisons avec 2, 3, 4 ou plus de façades (excl. appartements)"
53028A001,117500.0,2023,"Toutes les maisons avec 2, 3, 4 ou plus de façades (excl. appartements)"
53028A012,118000.0,2023,"Toutes les maisons avec 2, 3, 4 ou plus de façades (excl. appartements)"
53028C001,138500.0,2023,"Toutes les maisons avec 2, 3, 4 ou plus de façades (excl. appartements)"
53028C102,169000.0,2023,"Toutes les maisons avec 2, 3, 4 ou plus de façades (excl. appartements)"
53039C00-,145000.0,2023,"Toutes les maisons avec 2, 3, 4 ou plus de façades (excl. appartements)"
53053A111,215000.0,2023,"Toutes les maisons avec 2, 3, 4 ou plus de façades (excl. appartements)"
53053C001,85000.0,2023,"Toutes les maisons avec 2, 3, 4 ou plus de façades (excl. appartements)"
53053C03-,122500.0,2023,"Toutes les maisons avec 2, 3, 4 ou plus de façades (excl. appartements)"
53053H001,184000.0,2023,"Toutes les maisons avec 2, 3, 4 ou plus de façades (excl. appartements)"
53053T001,95000.0,2023,"Toutes les maisons avec 2, 3, 4 ou plus de façades (excl. appartements)"
53053T010,105000.0,2023,"Toutes les maisons avec 2, 3, 4 ou plus de façades (excl. appartements)"
53053T322,107500.0,2023,"Toutes les maisons avec 2, 3, 4 ou plus de façades (excl. appartements)"
53053U00-,144000.0,2023,"Toutes les maisons avec 2, 3, 4 ou plus de façades (excl. appartements)"
53065A121,149000.0,2023,"Toutes les maisons avec 2, 3, 4 ou plus de façades (excl. appartements)"
53065A232,130000.0,2023,"Toutes les maisons avec 2, 3, 4 ou plus de façades (excl. appartements)"
53065A401,105000.0,2023,"Toutes les maisons avec 2, 3, 4 ou plus de façades (excl. appartements)"
53082A00-,130000.0,2023,"Toutes les maisons avec 2, 3, 4 ou plus de façades (excl. appartements)"
53082A101,80500.0,2023,"Toutes les maisons avec 2, 3, 4 ou plus de façades (excl. appartements)"
53082A122,165000.0,2023,"Toutes les maisons avec 2, 3, 4 ou plus de façades (excl. appartements)"
53082A201,109000.0,2023,"Toutes les maisons avec 2, 3, 4 ou plus de façades (excl. appartements)"
53082B301,115000.0,2023,"Toutes les maisons avec 2, 3, 4 ou plus de façades (excl. appartements)"
54007A01-,244713.0,2023,"Toutes les maisons avec 2, 3, 4 ou plus de façades (excl. appartements)"
54007A021,155000.0,2023,"Toutes les maisons avec 2, 3, 4 ou plus de façades (excl. appartements)"
54007A201,120000.0,2023,"Toutes les maisons avec 2, 3, 4 ou plus de façades (excl. appartements)"
54007A222,167500.0,2023,"Toutes les maisons avec 2, 3, 4 ou plus de façades (excl. appartements)"
54007A301,119500.0,2023,"Toutes les maisons avec 2, 3, 4 ou plus de façades (excl. appartements)"
54007A312,143000.0,2023,"Toutes les maisons avec 2, 3, 4 ou plus de façades (excl. appartements)"
54007A334,137000.0,2023,"Toutes les maisons avec 2, 3, 4 ou plus de façades (excl. appartements)"
54007A401,157000.0,2023,"Toutes les maisons avec 2, 3, 4 ou plus de façades (excl. appartements)"
54007A601,150000.0,2023,"Toutes les maisons avec 2, 3, 4 ou plus de façades (excl. appartements)"
54007C00-,196000.0,2023,"Toutes les maisons avec 2, 3, 4 ou plus de façades (excl. appartements)"
54007C10-,159000.0,2023,"Toutes les maisons avec 2, 3, 4 ou plus de façades (excl. appartements)"
54007C20-,165000.0,2023,"Toutes les maisons avec 2, 3, 4 ou plus de façades (excl. appartements)"
54007D000,227000.0,2023,"Toutes les maisons avec 2, 3, 4 ou plus de façades (excl. appartements)"
54007D021,165000.0,2023,"Toutes les maisons avec 2, 3, 4 ou plus de façades (excl. appartements)"
54010A201,159000.0,2023,"Toutes les maisons avec 2, 3, 4 ou plus de façades (excl. appartements)"
54010E10-,140000.0,2023,"Toutes les maisons avec 2, 3, 4 ou plus de façades (excl. appartements)"
55004A001,202500.0,2023,"Toutes les maisons avec 2, 3, 4 ou plus de façades (excl. appartements)"
55004A10-,220000.0,2023,"Toutes les maisons avec 2, 3, 4 ou plus de façades (excl. appartements)"
55010A03-,180000.0,2023,"Toutes les maisons avec 2, 3, 4 ou plus de façades (excl. appartements)"
55022B01-,180000.0,2023,"Toutes les maisons avec 2, 3, 4 ou plus de façades (excl. appartements)"
55022H210,132000.0,2023,"Toutes les maisons avec 2, 3, 4 ou plus de façades (excl. appartements)"
55022J10-,155000.0,2023,"Toutes les maisons avec 2, 3, 4 ou plus de façades (excl. appartements)"
55022K211,132500.0,2023,"Toutes les maisons avec 2, 3, 4 ou plus de façades (excl. appartements)"
55023A20-,115000.0,2023,"Toutes les maisons avec 2, 3, 4 ou plus de façades (excl. appartements)"
55023A21-,130000.0,2023,"Toutes les maisons avec 2, 3, 4 ou plus de façades (excl. appartements)"
55023B00-,135000.0,2023,"Toutes les maisons avec 2, 3, 4 ou plus de façades (excl. appartements)"
55035A00-,155000.0,2023,"Toutes les maisons avec 2, 3, 4 ou plus de façades (excl. appartements)"
55040A030,220000.0,2023,"Toutes les maisons avec 2, 3, 4 ou plus de façades (excl. appartements)"
56001A10-,152500.0,2023,"Toutes les maisons avec 2, 3, 4 ou plus de façades (excl. appartements)"
56022A011,130000.0,2023,"Toutes les maisons avec 2, 3, 4 ou plus de façades (excl. appartements)"
56029A1AJ,59000.0,2023,"Toutes les maisons avec 2, 3, 4 ou plus de façades (excl. appartements)"
56078B112,330000.0,2023,"Toutes les maisons avec 2, 3, 4 ou plus de façades (excl. appartements)"
56087A001,140000.0,2023,"Toutes les maisons avec 2, 3, 4 ou plus de façades (excl. appartements)"
56087A032,165000.0,2023,"Toutes les maisons avec 2, 3, 4 ou plus de façades (excl. appartements)"
56087B01-,160000.0,2023,"Toutes les maisons avec 2, 3, 4 ou plus de façades (excl. appartements)"
56087B30-,136250.0,2023,"Toutes les maisons avec 2, 3, 4 ou plus de façades (excl. appartements)"
57003A022,160000.0,2023,"Toutes les maisons avec 2, 3, 4 ou plus de façades (excl. appartements)"
57027A01-,186750.0,2023,"Toutes les maisons avec 2, 3, 4 ou plus de façades (excl. appartements)"
57064A00-,127500.0,2023,"Toutes les maisons avec 2, 3, 4 ou plus de façades (excl. appartements)"
57064K00-,120000.0,2023,"Toutes les maisons avec 2, 3, 4 ou plus de façades (excl. appartements)"
57081A401,177500.0,2023,"Toutes les maisons avec 2, 3, 4 ou plus de façades (excl. appartements)"
57081A601,265000.0,2023,"Toutes les maisons avec 2, 3, 4 ou plus de façades (excl. appartements)"
57081A701,181000.0,2023,"Toutes les maisons avec 2, 3, 4 ou plus de façades (excl. appartements)"
57081J010,160000.0,2023,"Toutes les maisons avec 2, 3, 4 ou plus de façades (excl. appartements)"
61003A101,242500.0,2023,"Toutes les maisons avec 2, 3, 4 ou plus de façades (excl. appartements)"
61031A04-,195000.0,2023,"Toutes les maisons avec 2, 3, 4 ou plus de façades (excl. appartements)"
61031A23-,205500.0,2023,"Toutes les maisons avec 2, 3, 4 ou plus de façades (excl. appartements)"
61031A25-,177500.0,2023,"Toutes les maisons avec 2, 3, 4 ou plus de façades (excl. appartements)"
61080A00-,160000.0,2023,"Toutes les maisons avec 2, 3, 4 ou plus de façades (excl. appartements)"
62003A001,171000.0,2023,"Toutes les maisons avec 2, 3, 4 ou plus de façades (excl. appartements)"
62003A201,190000.0,2023,"Toutes les maisons avec 2, 3, 4 ou plus de façades (excl. appartements)"
62003C001,209290.0,2023,"Toutes les maisons avec 2, 3, 4 ou plus de façades (excl. appartements)"
62003C10-,237000.0,2023,"Toutes les maisons avec 2, 3, 4 ou plus de façades (excl. appartements)"
62015A101,172500.0,2023,"Toutes les maisons avec 2, 3, 4 ou plus de façades (excl. appartements)"
62022D00-,95000.0,2023,"Toutes les maisons avec 2, 3, 4 ou plus de façades (excl. appartements)"
62051A319,165000.0,2023,"Toutes les maisons avec 2, 3, 4 ou plus de façades (excl. appartements)"
62051A519,165000.0,2023,"Toutes les maisons avec 2, 3, 4 ou plus de façades (excl. appartements)"
62051B001,175000.0,2023,"Toutes les maisons avec 2, 3, 4 ou plus de façades (excl. appartements)"
62063A401,302000.0,2023,"Toutes les maisons avec 2, 3, 4 ou plus de façades (excl. appartements)"
62063A50-,186250.0,2023,"Toutes les maisons avec 2, 3, 4 ou plus de façades (excl. appartements)"
62063A540,160000.0,2023,"Toutes les maisons avec 2, 3, 4 ou plus de façades (excl. appartements)"
62063A640,252500.0,2023,"Toutes les maisons avec 2, 3, 4 ou plus de façades (excl. appartements)"
62063A71-,160000.0,2023,"Toutes les maisons avec 2, 3, 4 ou plus de façades (excl. appartements)"
62063C01-,143750.0,2023,"Toutes les maisons avec 2, 3, 4 ou plus de façades (excl. appartements)"
62063D001,130000.0,2023,"Toutes les maisons avec 2, 3, 4 ou plus de façades (excl. appartements)"
62063D01-,160000.0,2023,"Toutes les maisons avec 2, 3, 4 ou plus de façades (excl. appartements)"
62063E00-,130000.0,2023,"Toutes les maisons avec 2, 3, 4 ou plus de façades (excl. appartements)"
62063F00-,151500.0,2023,"Toutes les maisons avec 2, 3, 4 ou plus de façades (excl. appartements)"
62063F01-,155000.0,2023,"Toutes les maisons avec 2, 3, 4 ou plus de façades (excl. appartements)"
62063F21-,151500.0,2023,"Toutes les maisons avec 2, 3, 4 ou plus de façades (excl. appartements)"
62063F322,170500.0,2023,"Toutes les maisons avec 2, 3, 4 ou plus de façades (excl. appartements)"
62063G120,95000.0,2023,"Toutes les maisons avec 2, 3, 4 ou plus de façades (excl. appartements)"
62063H00-,157500.0,2023,"Toutes les maisons avec 2, 3, 4 ou plus de façades (excl. appartements)"
62063H301,163633.0,2023,"Toutes les maisons avec 2, 3, 4 ou plus de façades (excl. appartements)"
62093A001,169000.0,2023,"Toutes les maisons avec 2, 3, 4 ou plus de façades (excl. appartements)"
62093A11-,187000.0,2023,"Toutes les maisons avec 2, 3, 4 ou plus de façades (excl. appartements)"
62093C20-,175500.0,2023,"Toutes les maisons avec 2, 3, 4 ou plus de façades (excl. appartements)"
62096A000,105000.0,2023,"Toutes les maisons avec 2, 3, 4 ou plus de façades (excl. appartements)"
62096A100,137000.0,2023,"Toutes les maisons avec 2, 3, 4 ou plus de façades (excl. appartements)"
62096A11-,151000.0,2023,"Toutes les maisons avec 2, 3, 4 ou plus de façades (excl. appartements)"
62096A121,150000.0,2023,"Toutes les maisons avec 2, 3, 4 ou plus de façades (excl. appartements)"
62096A301,158000.0,2023,"Toutes les maisons avec 2, 3, 4 ou plus de façades (excl. appartements)"
62096A453,166250.0,2023,"Toutes les maisons avec 2, 3, 4 ou plus de façades (excl. appartements)"
62096A511,140000.0,2023,"Toutes les maisons avec 2, 3, 4 ou plus de façades (excl. appartements)"
62096A542,215500.0,2023,"Toutes les maisons avec 2, 3, 4 ou plus de façades (excl. appartements)"
62096A552,184500.0,2023,"Toutes les maisons avec 2, 3, 4 ou plus de façades (excl. appartements)"
62096B011,150000.0,2023,"Toutes les maisons avec 2, 3, 4 ou plus de façades (excl. appartements)"
62096C031,149250.0,2023,"Toutes les maisons avec 2, 3, 4 ou plus de façades (excl. appartements)"
62096C110,190000.0,2023,"Toutes les maisons avec 2, 3, 4 ou plus de façades (excl. appartements)"
62118A001,175000.0,2023,"Toutes les maisons avec 2, 3, 4 ou plus de façades (excl. appartements)"
62118A10-,192500.0,2023,"Toutes les maisons avec 2, 3, 4 ou plus de façades (excl. appartements)"
62118B001,175000.0,2023,"Toutes les maisons avec 2, 3, 4 ou plus de façades (excl. appartements)"
63020B100,160000.0,2023,"Toutes les maisons avec 2, 3, 4 ou plus de façades (excl. appartements)"
63040A02-,182500.0,2023,"Toutes les maisons avec 2, 3, 4 ou plus de façades (excl. appartements)"
63046A11-,175000.0,2023,"Toutes les maisons avec 2, 3, 4 ou plus de façades (excl. appartements)"
63058A600,150000.0,2023,"Toutes les maisons avec 2, 3, 4 ou plus de façades (excl. appartements)"
63058C10-,162000.0,2023,"Toutes les maisons avec 2, 3, 4 ou plus de façades (excl. appartements)"
63079A311,252000.0,2023,"Toutes les maisons avec 2, 3, 4 ou plus de façades (excl. appartements)"
63079B201,210000.0,2023,"Toutes les maisons avec 2, 3, 4 ou plus de façades (excl. appartements)"
63084A030,245000.0,2023,"Toutes les maisons avec 2, 3, 4 ou plus de façades (excl. appartements)"
64074A201,247500.0,2023,"Toutes les maisons avec 2, 3, 4 ou plus de façades (excl. appartements)"
71004C001,285000.0,2023,"Toutes les maisons avec 2, 3, 4 ou plus de façades (excl. appartements)"
71004C022,379500.0,2023,"Toutes les maisons avec 2, 3, 4 ou plus de façades (excl. appartements)"
71004D100,287500.0,2023,"Toutes les maisons avec 2, 3, 4 ou plus de façades (excl. appartements)"
71011A622,300000.0,2023,"Toutes les maisons avec 2, 3, 4 ou plus de façades (excl. appartements)"
71016A03-,382500.0,2023,"Toutes les maisons avec 2, 3, 4 ou plus de façades (excl. appartements)"
71016A04-,374000.0,2023,"Toutes les maisons avec 2, 3, 4 ou plus de façades (excl. appartements)"
71016A4OB,280000.0,2023,"Toutes les maisons avec 2, 3, 4 ou plus de façades (excl. appartements)"
71016B11-,280000.0,2023,"Toutes les maisons avec 2, 3, 4 ou plus de façades (excl. appartements)"
71016B1AB,277000.0,2023,"Toutes les maisons avec 2, 3, 4 ou plus de façades (excl. appartements)"
71020A001,286500.0,2023,"Toutes les maisons avec 2, 3, 4 ou plus de façades (excl. appartements)"
71022A301,255000.0,2023,"Toutes les maisons avec 2, 3, 4 ou plus de façades (excl. appartements)"
71022A312,285000.0,2023,"Toutes les maisons avec 2, 3, 4 ou plus de façades (excl. appartements)"
71022A401,290000.0,2023,"Toutes les maisons avec 2, 3, 4 ou plus de façades (excl. appartements)"
71022A501,285000.0,2023,"Toutes les maisons avec 2, 3, 4 ou plus de façades (excl. appartements)"
71022A912,375000.0,2023,"Toutes les maisons avec 2, 3, 4 ou plus de façades (excl. appartements)"
71022C001,311500.0,2023,"Toutes les maisons avec 2, 3, 4 ou plus de façades (excl. appartements)"
71022D00-,287500.0,2023,"Toutes les maisons avec 2, 3, 4 ou plus de façades (excl. appartements)"
71022D30-,270000.0,2023,"Toutes les maisons avec 2, 3, 4 ou plus de façades (excl. appartements)"
71022F00-,265000.0,2023,"Toutes les maisons avec 2, 3, 4 ou plus de façades (excl. appartements)"
71034A032,253000.0,2023,"Toutes les maisons avec 2, 3, 4 ou plus de façades (excl. appartements)"
71053A001,220000.0,2023,"Toutes les maisons avec 2, 3, 4 ou plus de façades (excl. appartements)"
71053A052,242000.0,2023,"Toutes les maisons avec 2, 3, 4 ou plus de façades (excl. appartements)"
71053A302,230000.0,2023,"Toutes les maisons avec 2, 3, 4 ou plus de façades (excl. appartements)"
71053A500,212500.0,2023,"Toutes les maisons avec 2, 3, 4 ou plus de façades (excl. appartements)"
71057A031,270250.0,2023,"Toutes les maisons avec 2, 3, 4 ou plus de façades (excl. appartements)"
71057A042,300000.0,2023,"Toutes les maisons avec 2, 3, 4 ou plus de façades (excl. appartements)"
71057A101,255000.0,2023,"Toutes les maisons avec 2, 3, 4 ou plus de façades (excl. appartements)"
71070A001,264000.0,2023,"Toutes les maisons avec 2, 3, 4 ou plus de façades (excl. appartements)"
71070A201,210000.0,2023,"Toutes les maisons avec 2, 3, 4 ou plus de façades (excl. appartements)"
71070B001,261000.0,2023,"Toutes les maisons avec 2, 3, 4 ou plus de façades (excl. appartements)"
71070B100,305000.0,2023,"Toutes les maisons avec 2, 3, 4 ou plus de façades (excl. appartements)"
72003C00-,270000.0,2023,"Toutes les maisons avec 2, 3, 4 ou plus de façades (excl. appartements)"
72020A100,285000.0,2023,"Toutes les maisons avec 2, 3, 4 ou plus de façades (excl. appartements)"
72020A826,309500.0,2023,"Toutes les maisons avec 2, 3, 4 ou plus de façades (excl. appartements)"
72020A837,307000.0,2023,"Toutes les maisons avec 2, 3, 4 ou plus de façades (excl. appartements)"
72021B022,251750.0,2023,"Toutes les maisons avec 2, 3, 4 ou plus de façades (excl. appartements)"
72025A01-,320000.0,2023,"Toutes les maisons avec 2, 3, 4 ou plus de façades (excl. appartements)"
72025A101,357500.0,2023,"Toutes les maisons avec 2, 3, 4 ou plus de façades (excl. appartements)"
72025B00-,357900.0,2023,"Toutes les maisons avec 2, 3, 4 ou plus de façades (excl. appartements)"
72029A020,275000.0,2023,"Toutes les maisons avec 2, 3, 4 ou plus de façades (excl. appartements)"
72037A01-,288000.0,2023,"Toutes les maisons avec 2, 3, 4 ou plus de façades (excl. appartements)"
72037A032,322500.0,2023,"Toutes les maisons avec 2, 3, 4 ou plus de façades (excl. appartements)"
72037B001,387000.0,2023,"Toutes les maisons avec 2, 3, 4 ou plus de façades (excl. appartements)"
72038B00-,285000.0,2023,"Toutes les maisons avec 2, 3, 4 ou plus de façades (excl. appartements)"
72039A000,265000.0,2023,"Toutes les maisons avec 2, 3, 4 ou plus de façades (excl. appartements)"
72039A02-,346000.0,2023,"Toutes les maisons avec 2, 3, 4 ou plus de façades (excl. appartements)"
72039B001,340000.0,2023,"Toutes les maisons avec 2, 3, 4 ou plus de façades (excl. appartements)"
72041E019,268750.0,2023,"Toutes les maisons avec 2, 3, 4 ou plus de façades (excl. appartements)"
73042A032,256876.0,2023,"Toutes les maisons avec 2, 3, 4 ou plus de façades (excl. appartements)"
73042A311,310500.0,2023,"Toutes les maisons avec 2, 3, 4 ou plus de façades (excl. appartements)"
73042D00-,299000.0,2023,"Toutes les maisons avec 2, 3, 4 ou plus de façades (excl. appartements)"
73066C000,277000.0,2023,"Toutes les maisons avec 2, 3, 4 ou plus de façades (excl. appartements)"
73107A330,230000.0,2023,"Toutes les maisons avec 2, 3, 4 ou plus de façades (excl. appartements)"
73107D201,237000.0,2023,"Toutes les maisons avec 2, 3, 4 ou plus de façades (excl. appartements)"
81004B00-,215000.0,2023,"Toutes les maisons avec 2, 3, 4 ou plus de façades (excl. appartements)"
81004C00-,222500.0,2023,"Toutes les maisons avec 2, 3, 4 ou plus de façades (excl. appartements)"
83012E263,214000.0,2023,"Toutes les maisons avec 2, 3, 4 ou plus de façades (excl. appartements)"
83013C391,177500.0,2023,"Toutes les maisons avec 2, 3, 4 ou plus de façades (excl. appartements)"
83044D362,99000.0,2023,"Toutes les maisons avec 2, 3, 4 ou plus de façades (excl. appartements)"
84068C090,102500.0,2023,"Toutes les maisons avec 2, 3, 4 ou plus de façades (excl. appartements)"
85046A000,247000.0,2023,"Toutes les maisons avec 2, 3, 4 ou plus de façades (excl. appartements)"
91114B020,178000.0,2023,"Toutes les maisons avec 2, 3, 4 ou plus de façades (excl. appartements)"
91142A464,34500.0,2023,"Toutes les maisons avec 2, 3, 4 ou plus de façades (excl. appartements)"
91142B062,85000.0,2023,"Toutes les maisons avec 2, 3, 4 ou plus de façades (excl. appartements)"
91142D163,83000.0,2023,"Toutes les maisons avec 2, 3, 4 ou plus de façades (excl. appartements)"
92003A00-,160000.0,2023,"Toutes les maisons avec 2, 3, 4 ou plus de façades (excl. appartements)"
92045B000,260000.0,2023,"Toutes les maisons avec 2, 3, 4 ou plus de façades (excl. appartements)"
92094H100,273500.0,2023,"Toutes les maisons avec 2, 3, 4 ou plus de façades (excl. appartements)"
92094J00-,222000.0,2023,"Toutes les maisons avec 2, 3, 4 ou plus de façades (excl. appartements)"
92094J11-,223000.0,2023,"Toutes les maisons avec 2, 3, 4 ou plus de façades (excl. appartements)"
92094L10-,305000.0,2023,"Toutes les maisons avec 2, 3, 4 ou plus de façades (excl. appartements)"
92137D010,180000.0,2023,"Toutes les maisons avec 2, 3, 4 ou plus de façades (excl. appartements)"
92137D101,190000.0,2023,"Toutes les maisons avec 2, 3, 4 ou plus de façades (excl. appartements)"
92140A00-,235000.0,2023,"Toutes les maisons avec 2, 3, 4 ou plus de façades (excl. appartements)"
92140H00-,175000.0,2023,"Toutes les maisons avec 2, 3, 4 ou plus de façades (excl. appartements)"
